# Blender 4.5.4 LTS
# www.blender.org
mtllib pips2.mtl
g Pipe_2_Vert.003
v -63.178436 -0.200000 -41.812294
v -63.178436 -0.200000 -39.912292
v -63.178436 0.400000 -43.560982
v -63.178436 1.200000 -44.157486
v -63.178436 3.450000 -44.136509
v -63.178436 4.350000 -43.560982
v -63.178436 5.000000 -42.412292
v -63.178436 5.000000 -39.912292
v -63.178436 0.400000 -42.212292
v -60.668827 -0.200000 -41.812294
v -60.668827 -0.200000 -39.912292
v -60.668827 0.400000 -43.560982
v -60.668827 1.200000 -44.157490
v -60.668827 3.450000 -44.136513
v -60.668827 4.350000 -43.560982
v -60.668827 5.000000 -42.412292
v -60.668827 5.000000 -39.912292
v -60.668827 0.400000 -42.212292
v -63.178436 -0.200000 -38.012291
v -63.178436 0.400000 -36.263603
v -63.178436 1.200000 -35.667099
v -63.188923 3.450000 -35.677586
v -63.178436 4.350000 -36.263603
v -63.178436 5.000000 -37.412292
v -63.178436 0.400000 -37.612293
v -60.668827 -0.200000 -38.012295
v -60.668827 0.400000 -36.263603
v -60.668827 1.200000 -35.667099
v -60.668827 3.450000 -35.688076
v -60.668827 4.350000 -36.263603
v -60.668827 5.000000 -37.412292
v -60.668827 0.400000 -37.612293
v -69.323631 -0.200000 -33.157486
v -67.423630 -0.200000 -33.157486
v -71.072319 0.400000 -33.157486
v -71.668823 1.200000 -33.157486
v -71.647850 3.450000 -33.157486
v -71.072319 4.350000 -33.157486
v -69.923630 5.000000 -33.157486
v -67.423630 5.000000 -33.157486
v -69.723633 0.400000 -33.157486
v -69.323631 -0.200000 -35.667095
v -67.423630 -0.200000 -35.667095
v -71.072319 0.400000 -35.667095
v -71.668823 1.200000 -35.667095
v -71.647850 3.450000 -35.667095
v -71.072319 4.350000 -35.667095
v -69.923630 5.000000 -35.667095
v -67.423630 5.000000 -35.667095
v -69.723633 0.400000 -35.667095
v -65.523628 -0.200000 -33.157486
v -63.774940 0.400000 -33.157486
v -63.178436 1.200000 -33.157486
v -63.199413 3.450000 -33.157486
v -63.774940 4.350000 -33.157486
v -64.923630 5.000000 -33.157486
v -65.123634 0.400000 -33.157486
v -65.523628 -0.200000 -35.667099
v -63.774940 0.400000 -35.667099
v -63.774940 4.350000 -35.667099
v -64.923630 5.000000 -35.667099
v -65.123634 0.400000 -35.667099
v -63.476688 0.400000 -35.965351
v -64.651031 0.400000 -37.139694
v -64.851036 -0.200000 -37.339695
v -65.801033 -0.200000 -38.289696
v -67.251038 -0.200000 -39.739693
v -67.451035 0.400000 -39.939693
v -68.125381 0.400000 -40.614040
v -67.551033 5.000000 -40.039696
v -68.125381 4.350000 -40.614040
v -68.413139 3.450000 -40.901802
v -68.423630 1.200000 -40.912292
v -66.301033 5.000000 -38.789696
v -65.614738 5.000000 -41.475994
v -65.901909 4.350000 -42.337513
v -66.045792 3.450000 -42.769157
v -66.051033 1.200000 -42.784889
v -65.901909 0.400000 -42.337513
v -65.564735 0.400000 -41.325993
v -68.987335 5.000000 -38.103394
v -69.848846 4.350000 -38.390568
v -70.296227 1.200000 -38.539696
v -69.848846 0.400000 -38.390568
v -68.837334 0.400000 -38.053394
v -70.280495 3.450000 -38.534451
v -68.537331 -0.200000 -37.953396
v -65.464737 -0.200000 -41.025993
v -65.239738 5.000000 -39.850994
v -67.362335 5.000000 -37.728397
v -64.351036 5.000000 -36.839695
vn 0.1942 0.5729 0.7963
vn -0.0000 0.5978 0.8017
vn 0.1646 0.5782 0.7992
vn -0.0000 1.0000 -0.0000
vn 0.1556 0.5317 0.8325
vn -0.0000 0.5547 0.8321
vn 0.1378 0.5351 0.8335
vn 0.1564 -0.6925 0.7042
vn -0.0000 -0.7259 0.6878
vn -0.0000 -0.8703 0.4925
vn 0.1170 -0.8555 0.5044
vn -0.0000 -0.0093 1.0000
vn -0.0000 -1.0000 -0.0000
vn 0.1731 -0.5192 0.8369
vn -0.0000 -0.5387 0.8425
vn -0.0000 0.5978 -0.8017
vn -0.1424 0.5200 -0.8422
vn -0.1611 0.5146 -0.8422
vn -0.0000 0.5547 -0.8321
vn -0.1257 -0.8070 -0.5771
vn -0.1009 -0.8659 -0.4900
vn -0.0000 -0.8703 -0.4925
vn -0.0009 -0.7274 -0.6863
vn -0.0021 -0.0070 -1.0000
vn -0.0018 -0.5422 -0.8402
vn 0.8017 0.5978 -0.0000
vn 0.7963 0.5729 0.1942
vn 0.7992 0.5782 0.1646
vn 0.8321 0.5547 -0.0000
vn 0.8325 0.5317 0.1556
vn 0.8335 0.5351 0.1378
vn 0.6878 -0.7259 -0.0000
vn 0.7042 -0.6925 0.1564
vn 0.5044 -0.8555 0.1170
vn 0.4925 -0.8703 -0.0000
vn 1.0000 -0.0093 -0.0000
vn 0.8425 -0.5387 -0.0000
vn 0.8369 -0.5192 0.1731
vn -0.8017 0.5978 -0.0000
vn -0.8321 0.5547 -0.0000
vn -0.8422 0.5146 -0.1611
vn -0.8422 0.5200 -0.1424
vn -0.6863 -0.7274 -0.0009
vn -0.4925 -0.8703 -0.0000
vn -0.4900 -0.8659 -0.1009
vn -0.5771 -0.8070 -0.1257
vn -1.0000 -0.0070 -0.0021
vn -0.8402 -0.5422 -0.0018
vn -0.3543 -0.8654 -0.3543
vn -0.6255 0.4664 -0.6255
vn -0.3027 0.4661 -0.8313
vn -0.8313 0.4661 -0.3027
vn 0.7763 0.4704 0.4196
vn 0.7806 0.4736 0.4080
vn 0.7317 0.5050 0.4579
vn 0.7371 0.5093 0.4443
vn 0.9024 -0.0079 0.4308
vn 0.7636 -0.4524 0.4606
vn 0.6559 -0.6434 0.3947
vn 0.5005 -0.8119 0.3006
vn 0.3006 -0.8119 0.5005
vn 0.3947 -0.6434 0.6559
vn 0.4327 -0.7909 0.4327
vn 0.5574 -0.6153 0.5574
vn 0.6409 -0.4224 0.6409
vn 0.7850 -0.0067 0.6194
vn 0.6213 0.4774 0.6213
vn 0.6350 0.4400 0.6350
vn 0.4196 0.4704 0.7763
vn 0.4080 0.4736 0.7806
vn 0.4579 0.5050 0.7317
vn 0.4443 0.5093 0.7371
vn 0.6194 -0.0067 0.7850
vn 0.4606 -0.4524 0.7636
vn 0.4308 -0.0079 0.9024
vn -0.6443 -0.4120 -0.6443
vt 1.341138 -0.466659
vt 2.130646 -0.466659
vt 2.130646 -0.214984
vt 1.341138 -0.214984
vt -1.424057 1.648540
vt -0.474058 1.648540
vt -0.474058 2.903345
vt -1.424058 2.903345
vt 1.648540 0.339286
vt 2.903345 0.339286
vt 2.903345 0.639286
vt 1.648540 0.639286
vt -0.566791 1.555206
vt -1.356300 1.555206
vt -1.356300 1.916577
vt -0.566791 1.916577
vt 2.130646 0.492852
vt 1.341138 0.492852
vt -1.624058 1.648540
vt -1.624058 2.903345
vt -2.298403 2.903345
vt -2.298403 1.648540
vt 0.004696 1.340215
vt -0.784797 1.345099
vt -0.779931 2.131569
vt 0.009562 2.126685
vt 2.130646 0.775987
vt 1.341138 0.775987
vt 0.475942 1.648540
vt 0.475942 2.903345
vt 1.367549 1.916577
vt 1.367549 1.555206
vt 0.578041 1.555206
vt 0.578041 1.916577
vt 1.337838 0.492852
vt 0.675942 1.648540
vt 1.350288 1.648540
vt 1.350287 2.903345
vt 0.675942 2.903345
vt 0.793621 2.129134
vt 0.793621 1.342649
vt 0.004113 1.342649
vt 0.004113 2.129134
vt 2.903345 -1.424057
vt 2.903345 -0.474057
vt 1.648540 -0.474057
vt 1.648540 -1.424057
vt 2.130646 -1.142231
vt 1.341138 -1.142231
vt 1.341138 -0.780860
vt 2.130646 -0.780860
vt 2.903345 -1.624057
vt 1.648540 -1.624057
vt 1.648540 -2.298403
vt 2.903345 -2.298403
vt 1.341138 0.005625
vt 2.130646 0.005625
vt 2.903345 0.475942
vt 1.648540 0.475943
vt 2.130646 1.153481
vt 2.130646 0.792110
vt 1.341138 0.792110
vt 1.341138 1.153481
vt 2.903345 0.675942
vt 2.903345 1.350288
vt 1.648540 1.350288
vt 1.648540 0.675943
vt 0.718069 1.114477
vt 0.925343 1.410495
vt 1.123569 1.050448
vt 0.968885 -0.059753
vt 0.561551 0.613030
vt 1.126262 0.932389
vt 1.153481 -0.466659
vt 1.247309 -0.466659
vt 0.912241 0.912241
vt 1.499414 1.499414
vt 0.812241 0.339286
vt 0.912241 0.639286
vt 0.812241 0.339286
vt 0.337241 0.337241
vt 0.812241 0.812241
vt -1.030908 0.505391
vt -0.387759 -0.387759
vt 0.505391 -1.030908
vt 0.505391 0.339286
vt 0.455391 0.639286
vt 0.455391 -1.180908
vt 0.286804 -1.686667
vt 0.484350 -0.466659
vt 0.437436 -0.214984
vt 0.439086 0.492852
vt 0.484350 0.775987
vt 1.439604 -0.930457
vt 0.500426 -0.943716
vt 0.467763 -0.659900
vt 1.286882 -0.602943
vt 0.784691 -0.900947
vt 0.481053 -0.175438
vt 1.301793 -0.151255
vt 1.390332 -0.668381
vt -0.029025 0.370152
vt 0.436773 0.292817
vt 0.638214 -0.191621
vt -0.120111 -0.178467
vt 0.243524 0.132606
vt -0.514868 0.141064
vt -0.299706 0.619566
vt 0.168107 0.683598
vt -0.044713 0.530195
vt -0.690651 0.590618
vt -0.745011 1.112446
vt 0.051782 1.310738
vt -1.342636 0.792915
vt -1.189914 1.120429
vt -0.370795 1.063472
vt -0.403458 0.779656
vt -0.013093 0.352972
vt 0.031278 0.101326
vt -0.852700 0.058399
vt -0.771249 0.332230
vt -0.247397 -0.474345
vt -0.203025 -0.222699
vt 0.555131 -0.243440
vt 0.636582 -0.517272
vt -0.305669 0.492852
vt -0.215141 0.775987
vt -0.308969 -0.214984
vt -0.215141 -0.466659
vt -0.487759 -0.487759
vt -0.824931 -0.824931
vt -0.387759 0.339286
vt -0.487759 0.639286
vt -0.387759 0.339286
vt 0.455391 0.639286
vt -0.487759 0.639286
vt -1.180908 0.455391
vt -1.686667 0.286804
vt 0.484350 -0.466659
vt 0.437436 -0.214984
vt -0.305669 0.492852
vt 0.484350 0.775987
vt -0.039296 0.883386
vt 0.138470 1.649518
vt 0.596753 0.755600
vt 0.470742 0.140240
vt 0.657018 0.987567
vt 1.064843 1.034569
vt 0.931904 0.038858
vt 0.273506 0.408513
vt 0.429127 1.400932
vt 0.806762 1.239928
vt 0.744462 0.374606
vt 1.005918 0.866551
vt 1.204144 1.226598
vt 1.411418 0.930580
vt 1.013334 1.272792
vt 1.277711 1.295922
vt 1.179426 0.896838
vt 1.311880 0.479283
vt 1.364295 0.757543
vt 1.179489 0.790129
s 2
g Pipe_2_White_Old_Concrete
usemtl White_Old_Concrete
f 1/5/4 2/6/4 11/7/4 10/8/4
s 3
f 1/9/5 10/10/6 18/11/6 9/12/7
s 6
f 9/19/4 18/20/4 12/21/4 3/22/4
s 2
f 19/29/4 26/30/4 11/7/4 2/6/4
s 9
f 19/9/17 25/12/18 32/11/19 26/10/19
s 12
f 25/36/4 20/37/4 27/38/4 32/39/4
s 2
f 33/44/4 34/45/4 43/46/4 42/47/4
s 3
f 33/10/29 42/9/30 50/12/31 41/11/29
s 6
f 41/52/4 50/53/4 44/54/4 35/55/4
s 2
f 51/58/4 58/59/4 43/46/4 34/45/4
s 15
f 51/10/40 57/11/40 62/12/41 58/9/42
s 12
f 57/64/4 52/65/4 59/66/4 62/67/4
f 25/36/4 64/76/4 63/77/4 20/37/4
f 62/67/4 59/66/4 63/77/4 64/76/4
s 9
f 19/9/17 65/78/51 64/79/51 25/12/18
s 15
f 58/9/42 62/12/41 64/79/52 65/80/52
s 2
f 2/6/4 66/81/4 65/82/4 19/29/4
f 43/46/4 58/59/4 65/82/4 66/81/4
f 1/5/4 88/83/4 67/84/4 66/81/4 2/6/4
f 42/47/4 43/46/4 66/81/4 67/84/4 87/85/4
s 3
f 42/9/30 87/86/53 85/87/54 50/12/31
s 6
f 50/53/4 85/88/4 84/89/4 44/54/4
f 68/130/4 69/131/4 84/89/4 85/88/4
s 3
f 67/132/68 68/133/68 85/87/54 87/86/53
f 67/134/68 88/86/69 80/135/70 68/136/68
s 6
f 68/130/4 80/137/4 79/138/4 69/131/4
f 9/19/4 3/22/4 79/138/4 80/137/4
s 3
f 1/9/5 9/12/7 80/135/70 88/86/69
s 1
g Pipe_2_Old_Brick
usemtl Old_Brick
f 3/1/1 12/2/2 13/3/2 4/4/3
s 4
f 6/13/8 15/14/9 16/15/10 7/16/11
s 5
f 4/4/12 13/3/12 14/17/12 5/18/12
s 7
f 7/23/13 16/24/13 17/25/13 8/26/13
s 4
f 5/18/14 14/17/15 15/27/9 6/28/8
s 8
f 20/1/16 21/4/16 28/3/16 27/2/16
s 10
f 23/31/20 24/32/21 31/33/22 30/34/23
s 11
f 21/4/24 22/35/24 29/17/24 28/3/24
s 7
f 24/40/13 8/41/13 17/42/13 31/43/13
s 10
f 22/35/25 23/28/20 30/27/23 29/17/25
s 1
f 35/2/26 44/1/27 45/4/28 36/3/26
s 4
f 38/48/32 47/49/33 48/50/34 39/51/35
s 13
f 36/3/36 45/4/36 46/18/36 37/17/36
s 7
f 39/51/13 48/50/13 49/56/13 40/57/13
s 4
f 37/17/37 46/18/38 47/28/33 38/27/32
s 14
f 52/2/39 53/3/39 21/4/39 59/1/39
s 10
f 55/60/43 56/61/44 61/62/45 60/63/46
s 16
f 53/3/47 54/17/47 22/35/47 21/4/47
s 7
f 56/61/13 40/57/13 49/56/13 61/62/13
s 10
f 54/17/48 55/27/43 60/28/46 22/35/48
f 24/68/21 23/69/20 91/70/49
s 7
f 61/71/13 49/72/13 90/73/13
s 17
f 21/4/50 20/74/50 63/75/50 59/1/50
s 1
f 44/1/27 84/90/55 83/91/56 45/4/28
s 18
f 46/18/57 45/4/57 83/91/57 86/92/57
s 4
f 46/18/38 86/92/58 82/93/59 47/28/33
f 47/94/33 82/95/59 81/96/60 48/97/34
s 7
f 49/98/13 48/99/13 81/100/13 90/101/13
f 74/102/13 90/103/13 81/104/13 70/105/13
f 70/106/13 75/107/13 89/108/13 74/109/13
f 8/110/13 89/111/13 75/112/13 7/113/13
s 4
f 6/114/8 7/115/11 75/116/61 76/117/62
f 70/118/63 71/119/64 76/120/62 75/121/61
f 71/122/64 70/123/63 81/124/60 82/125/59
f 72/126/65 71/127/64 82/93/59 86/92/58
s 19
f 72/126/66 86/92/66 83/91/66 73/128/66
s 1
f 69/129/67 73/128/67 83/91/56 84/90/55
f 69/129/67 79/139/71 78/140/72 73/128/67
s 20
f 72/141/73 73/128/73 78/140/73 77/92/73
s 4
f 71/127/64 72/141/65 77/92/74 76/142/62
f 5/18/14 6/28/8 76/142/62 77/92/74
s 21
f 4/4/75 5/18/75 77/92/75 78/140/75
s 1
f 3/1/1 4/4/3 78/140/72 79/139/71
s 7
f 8/143/13 24/144/13 89/145/13
f 74/146/13 91/147/13 61/148/13 90/149/13
f 89/150/13 24/151/13 91/152/13 74/153/13
s 10
f 91/154/49 60/155/46 61/156/45
f 23/157/20 60/158/46 91/159/49
s 22
f 22/160/76 60/161/76 23/162/76
g Pipe_3_Vert.005
v -65.572319 -0.200000 -48.754807
v -65.572319 5.000000 -48.754807
v -67.472321 -0.200000 -48.754807
v -69.221008 0.400000 -48.754807
v -69.817513 1.200000 -48.754807
v -69.807022 3.450000 -48.765293
v -69.221008 4.350000 -48.754807
v -68.072319 5.000000 -48.754807
v -67.872322 0.400000 -48.754807
v -71.072319 -0.200000 -54.900002
v -71.072319 -0.200000 -53.000000
v -71.072319 0.400000 -56.648689
v -71.072319 1.200000 -57.245193
v -71.072319 3.450000 -57.224216
v -71.072319 4.350000 -56.648689
v -71.072319 5.000000 -55.500000
v -71.072319 5.000000 -53.000000
v -71.072319 0.400000 -55.299999
v -69.817513 -0.200000 -54.900002
v -69.817513 -0.200000 -53.000000
v -69.817513 0.400000 -56.648693
v -69.817513 1.200000 -57.245197
v -69.817513 3.450000 -57.224220
v -69.817513 4.350000 -56.648693
v -69.817513 5.000000 -55.500000
v -69.817513 5.000000 -53.000000
v -69.817513 0.400000 -55.300003
v -71.072319 -0.200000 -51.100002
v -71.072319 0.400000 -49.351311
v -71.072319 1.200000 -48.754807
v -71.072319 3.450000 -48.775784
v -71.072319 4.350000 -49.351311
v -71.072319 5.000000 -50.500000
v -71.072319 0.400000 -50.700001
v -69.817513 -0.200000 -51.100002
v -69.817513 0.400000 -49.351311
v -69.817513 4.350000 -49.351311
v -69.817513 5.000000 -50.500000
v -69.817513 0.400000 -50.700001
v -67.694916 -0.200000 -51.100002
v -68.144913 -0.200000 -50.427402
v -68.344917 0.400000 -50.227406
v -65.572319 -0.200000 -54.900002
v -65.572319 0.400000 -55.300003
v -65.572319 0.400000 -56.648693
v -65.572319 1.200000 -57.245197
v -65.572319 3.450000 -57.245197
v -65.572319 4.350000 -56.648693
v -65.572319 5.000000 -55.500000
v -65.572319 5.000000 -53.000000
v -63.672318 -0.200000 -48.754807
v -61.923630 0.400000 -48.754807
v -61.327126 1.200000 -48.754807
v -61.337612 3.450000 -48.765297
v -61.923630 4.350000 -48.754807
v -63.072319 5.000000 -48.754807
v -63.272320 0.400000 -48.754807
v -60.072319 -0.200000 -54.900002
v -60.072319 -0.200000 -53.000004
v -60.072319 0.400000 -56.648693
v -60.072319 1.200000 -57.245197
v -60.072319 3.450000 -57.224220
v -60.072319 4.350000 -56.648693
v -60.072319 5.000000 -55.500004
v -60.072319 5.000000 -53.000004
v -60.072319 0.400000 -55.300003
v -61.327126 -0.200000 -54.900002
v -61.327126 -0.200000 -53.000004
v -61.327126 0.400000 -56.648693
v -61.327126 1.200000 -57.245197
v -61.327126 3.450000 -57.224220
v -61.327126 4.350000 -56.648693
v -61.327126 5.000000 -55.500004
v -61.327126 5.000000 -53.000004
v -61.327126 0.400000 -55.300003
v -60.072319 -0.200000 -51.100002
v -60.072319 0.400000 -49.351311
v -60.072319 1.200000 -48.754807
v -60.072319 3.450000 -48.775784
v -60.072319 4.350000 -49.351311
v -60.072319 5.000000 -50.500004
v -60.072319 0.400000 -50.700001
v -61.327126 -0.200000 -51.100002
v -61.327126 0.400000 -49.351311
v -61.327126 4.350000 -49.351311
v -61.327126 5.000000 -50.500004
v -61.327126 0.400000 -50.700005
v -63.449722 -0.200000 -51.100002
v -62.999722 -0.200000 -50.427406
v -62.799721 0.400000 -50.227406
vn -0.0000 0.5978 0.8017
vn -0.0000 1.0000 -0.0000
vn -0.0000 0.5547 0.8320
vn -0.0000 -0.7259 0.6878
vn 0.0005 -0.7274 0.6863
vn -0.0000 -0.9670 0.2546
vn -0.0000 -0.0093 1.0000
vn 0.0012 -0.0070 1.0000
vn -0.0000 -1.0000 -0.0000
vn -0.0000 -0.5387 0.8425
vn 0.0010 -0.5422 0.8402
vn -0.0000 0.5978 -0.8017
vn -0.0000 0.5547 -0.8321
vn 0.1611 0.5146 -0.8422
vn 0.1424 0.5200 -0.8422
vn 0.0018 -0.7273 -0.6863
vn -0.0000 -0.9670 -0.2546
vn 0.0654 -0.9793 -0.1916
vn 0.2845 -0.7257 -0.6264
vn 0.0042 -0.0070 -1.0000
vn 0.0035 -0.5422 -0.8402
vn 0.6255 0.4664 -0.6255
vn 0.8313 0.4661 -0.3027
vn 0.3027 0.4661 -0.8313
vn -0.0000 -0.0047 1.0000
vn -0.0000 -0.5457 0.8380
vn -0.0000 -0.7288 0.6848
vn 0.5243 -0.6709 -0.5243
vn 0.6443 -0.4120 -0.6443
vn 0.4418 -0.7808 -0.4418
vn -0.0005 -0.7274 0.6863
vn -0.0012 -0.0070 1.0000
vn -0.0010 -0.5422 0.8402
vn -0.1424 0.5200 -0.8422
vn -0.1611 0.5146 -0.8422
vn -0.0018 -0.7273 -0.6863
vn -0.2845 -0.7257 -0.6264
vn -0.0654 -0.9793 -0.1916
vn -0.0042 -0.0070 -1.0000
vn -0.0035 -0.5422 -0.8402
vn -0.6255 0.4664 -0.6255
vn -0.8313 0.4661 -0.3027
vn -0.3027 0.4661 -0.8313
vn -0.5244 -0.6709 -0.5243
vn -0.6443 -0.4120 -0.6443
vn -0.4418 -0.7808 -0.4418
vt 2.812911 -0.970932
vt 2.283076 -0.970932
vt 2.283076 -0.633137
vt 2.812911 -0.633137
vt 2.512211 -0.348753
vt 2.512211 0.342524
vt 2.055674 0.342523
vt 2.055674 -0.348753
vt 2.512211 0.551443
vt 2.055674 0.551443
vt 2.055674 0.769741
vt 2.512211 0.769741
vt 2.812911 -1.127528
vt 2.283076 -1.127529
vt 2.283076 -0.642501
vt 2.812911 -0.642501
vt 2.283076 0.316913
vt 2.812911 0.316913
vt 2.512211 -0.494285
vt 2.055674 -0.494285
vt 2.055674 -0.984978
vt 2.512211 -0.984978
vt 2.283076 0.413110
vt 2.812911 0.413110
vt 2.283076 0.696932
vt 2.812911 0.696932
vt 2.283076 -0.633137
vt 2.512211 1.033800
vt 2.055674 1.033800
vt 2.812911 1.953748
vt 2.812911 1.468720
vt 2.283076 1.468720
vt 2.283076 1.953748
vt 2.278647 0.316913
vt 2.512211 1.179332
vt 2.512211 1.670025
vt 2.055674 1.670025
vt 2.055674 1.179332
vt 2.382302 -0.633137
vt 2.382302 -0.970932
vt 2.130431 -0.970932
vt 1.283410 1.033800
vt 1.447134 1.278511
vt 0.511147 1.887051
vt 1.202423 1.887051
vt 1.838649 1.887051
vt 1.347955 1.887051
vt 1.519900 1.351276
vt 1.706592 0.769741
vt 1.706592 0.551443
vt 1.098051 0.551443
vt 1.170817 0.769741
vt 1.519900 0.769741
vt 1.447134 0.551443
vt 0.511147 -0.348753
vt 0.511147 0.551443
vt 0.511147 0.769741
vt 0.511147 -0.494285
vt 0.511147 -0.984978
vt 0.490568 -0.970932
vt 0.490568 -0.633137
vt 0.490568 0.316913
vt 0.490568 0.696932
vt 0.490568 -1.127528
vt 0.490568 -0.642501
vt 0.490568 0.413110
vt 0.490568 2.205618
vt 1.546178 2.205618
vt 2.382302 0.696932
vt 2.377873 0.316913
vt 2.130431 0.696932
vt 2.031206 2.205618
vt -1.831775 -0.970932
vt -1.831775 -0.633137
vt -1.301940 -0.633137
vt -1.301940 -0.970932
vt -1.489917 -0.348753
vt -1.033380 -0.348753
vt -1.033380 0.342523
vt -1.489917 0.342524
vt -1.489917 0.551443
vt -1.489917 0.769741
vt -1.033380 0.769741
vt -1.033380 0.551443
vt -1.831775 -1.127528
vt -1.831775 -0.642501
vt -1.301940 -0.642501
vt -1.301940 -1.127529
vt -1.831775 0.316913
vt -1.301940 0.316913
vt -1.489917 -0.494285
vt -1.489917 -0.984978
vt -1.033380 -0.984978
vt -1.033380 -0.494285
vt -1.831775 0.413110
vt -1.301940 0.413110
vt -1.831775 0.696932
vt -1.301940 0.696932
vt -1.301940 -0.633137
vt -1.489917 1.033800
vt -1.033380 1.033800
vt -1.831775 1.953748
vt -1.301940 1.953748
vt -1.301940 1.468720
vt -1.831775 1.468720
vt -1.297511 0.316913
vt -1.489917 1.179332
vt -1.033380 1.179332
vt -1.033380 1.670025
vt -1.489917 1.670025
vt 1.706592 1.060805
vt 1.489566 0.769741
vt -0.261117 1.033800
vt -0.424840 1.278511
vt -0.180129 1.887051
vt -0.816355 1.887051
vt -0.497606 1.351276
vt -0.325661 1.887051
vt -0.424840 0.551443
vt -0.497606 0.769741
vt -0.565042 2.205618
vt -1.050070 2.205618
s 1
g Pipe_3_Old_Brick
usemtl Old_Brick
f 103/163/77 112/164/77 113/165/77 104/166/77
s 4
f 106/175/80 115/176/81 116/177/82 107/178/82
s 5
f 104/166/83 113/165/84 114/179/84 105/180/83
s 4
f 107/178/82 116/177/82 117/185/85 108/186/85
f 105/180/86 114/179/87 115/187/81 106/188/80
s 7
f 120/163/88 121/166/88 96/189/88 127/164/88
s 4
f 123/192/92 124/193/93 129/194/94 128/195/95
s 9
f 121/166/96 122/180/96 97/196/96 96/189/96
s 4
f 124/193/93 108/186/85 117/185/85 129/194/94
f 122/180/97 123/188/92 128/187/95 97/196/97
s 11
f 96/201/98 95/202/98 127/203/98
s 1
f 113/165/77 112/164/77 136/222/77 137/223/77
s 5
f 114/179/84 113/165/84 137/223/101 138/224/101
s 4
f 115/187/81 114/179/87 138/224/102 139/225/103
f 116/177/82 115/176/81 139/226/103 140/227/82
f 116/177/82 140/227/82 141/228/85 117/185/85
f 141/228/85 93/229/85 117/185/85
f 93/229/85 99/230/85 129/194/94 117/185/85
f 98/231/104 97/232/105 128/233/95
f 99/230/106 98/234/104 128/195/95 129/194/94
s 1
f 151/235/77 152/236/77 161/237/77 160/238/77
s 4
f 154/247/80 155/248/82 164/249/82 163/250/107
s 5
f 152/236/83 153/251/83 162/252/108 161/237/108
s 4
f 155/248/82 156/257/85 165/258/85 164/249/82
f 153/251/86 154/259/80 163/260/107 162/252/109
s 13
f 168/235/88 175/238/88 144/261/88 169/236/88
s 4
f 171/264/112 176/265/113 177/266/114 172/267/93
s 15
f 169/236/115 144/261/115 145/268/115 170/251/115
s 4
f 172/267/93 177/266/114 165/258/85 156/257/85
f 170/251/116 145/268/116 176/260/113 171/259/112
s 1
f 161/237/77 137/223/77 136/222/77 160/238/77
s 5
f 162/252/108 138/224/101 137/223/101 161/237/108
s 4
f 163/260/107 139/225/103 138/224/102 162/252/109
f 164/249/82 140/227/82 139/226/103 163/250/107
f 164/249/82 165/258/85 141/228/85 140/227/82
f 141/228/85 165/258/85 93/229/85
f 93/229/85 165/258/85 177/266/114 147/283/85
f 146/231/120 176/233/113 145/232/121
f 147/283/122 177/266/114 176/265/113 146/284/120
s 2
g Pipe_3_White_Old_Concrete
usemtl White_Old_Concrete
f 101/167/78 102/168/78 111/169/78 110/170/78
s 3
f 101/171/79 110/172/79 118/173/79 109/174/79
s 6
f 109/181/78 118/182/78 112/183/78 103/184/78
s 2
f 119/190/78 126/191/78 111/169/78 102/168/78
s 8
f 119/171/89 125/174/89 130/173/90 126/172/91
s 10
f 125/197/78 120/198/78 127/199/78 130/200/78
s 2
f 131/204/78 126/191/78 132/205/78
f 111/169/78 126/191/78 131/204/78
f 92/206/78 131/204/78 132/205/78 94/207/78
s 10
f 95/208/78 100/209/78 133/210/78 130/200/78 127/199/78
s 12
f 100/211/99 94/212/99 132/213/99 133/214/99
s 8
f 130/173/90 133/215/100 132/216/100 126/172/91
s 2
f 131/204/78 92/206/78 134/217/78
f 110/170/78 111/169/78 131/204/78 134/217/78
s 3
f 118/173/79 110/172/79 134/218/79 135/219/79
s 6
f 112/183/78 118/182/78 135/220/78 136/221/78
s 2
f 149/239/78 158/240/78 159/241/78 150/242/78
s 3
f 149/243/79 157/244/79 166/245/79 158/246/79
s 6
f 157/253/78 151/254/78 160/255/78 166/256/78
s 2
f 167/262/78 150/242/78 159/241/78 174/263/78
s 14
f 167/243/89 174/246/110 178/245/111 173/244/89
s 16
f 173/269/78 178/270/78 175/271/78 168/272/78
s 17
f 144/273/117 175/274/117 143/211/117
s 2
f 179/275/78 180/276/78 174/263/78
f 159/241/78 179/275/78 174/263/78
f 92/206/78 142/277/78 180/276/78 179/275/78
s 16
f 143/278/78 175/271/78 178/270/78 181/279/78 148/280/78
s 18
f 148/211/118 181/214/118 180/213/118 142/212/118
s 14
f 178/245/111 174/246/110 180/281/119 181/282/119
s 2
f 179/275/78 134/217/78 92/206/78
f 158/240/78 134/217/78 179/275/78 159/241/78
s 3
f 166/245/79 135/219/79 134/218/79 158/246/79
s 6
f 160/255/78 136/221/78 135/220/78 166/256/78
g Pipe_1_Vert.009
v -60.668823 -0.200000 -21.846638
v -60.668823 -0.200000 -23.746637
v -60.668823 0.400000 -20.097946
v -60.668823 1.200000 -19.501442
v -60.668823 3.450000 -19.522419
v -60.668823 4.350000 -20.097946
v -60.668823 5.000000 -21.246637
v -60.668823 5.000000 -23.746637
v -60.668823 0.400000 -21.446638
v -71.668823 -0.200000 -21.846638
v -71.668823 -0.200000 -23.746637
v -71.668823 0.400000 -20.097948
v -71.668823 1.200000 -19.501442
v -71.668823 3.450000 -19.522421
v -71.668823 4.350000 -20.097948
v -71.668823 5.000000 -21.246637
v -71.668823 5.000000 -23.746637
v -71.668823 0.400000 -21.446638
v -60.668823 -0.200000 -25.646637
v -60.668823 0.400000 -27.395329
v -60.668823 1.200000 -27.991833
v -60.668823 3.450000 -27.970856
v -60.668823 4.350000 -27.395329
v -60.668823 5.000000 -26.246637
v -60.668823 0.400000 -26.046637
v -71.668823 -0.200000 -25.646639
v -71.668823 0.400000 -27.395329
v -71.668823 1.200000 -27.991833
v -71.668823 3.450000 -27.970856
v -71.668823 4.350000 -27.395329
v -71.668823 5.000000 -26.246637
v -71.668823 0.400000 -26.046638
vn -0.0000 0.5978 -0.8017
vn -0.0000 1.0000 -0.0000
vn -0.0000 0.5547 -0.8321
vn -0.0000 -0.7259 -0.6878
vn -0.0000 -0.9670 -0.2546
vn -0.0000 -0.0093 -1.0000
vn -0.0000 -1.0000 -0.0000
vn -0.0000 -0.5387 -0.8425
vn -0.0000 0.5978 0.8017
vn -0.0000 0.5547 0.8321
vn -0.0000 -0.7259 0.6878
vn -0.0000 -0.9670 0.2546
vn -0.0000 -0.0093 1.0000
vn -0.0000 -0.5387 0.8425
vt -0.924144 0.006985
vt 1.955148 0.006985
vt 1.955148 0.216388
vt -0.924144 0.216388
vt -0.560004 -2.568432
vt 0.500000 -2.568432
vt 0.500000 3.568432
vt -0.560004 3.568432
vt -2.568432 0.332631
vt 3.568432 0.332631
vt 3.568432 0.667369
vt -2.568432 0.667369
vt -1.728866 0.608847
vt 1.150426 0.608847
vt 1.150426 0.308173
vt -1.728866 0.308173
vt 1.955148 0.805334
vt -0.924144 0.805334
vt -0.783163 -2.568432
vt -0.783163 3.568432
vt -1.535593 3.568432
vt -1.535593 -2.568432
vt -1.251336 0.785702
vt 1.627956 0.785702
vt 1.627956 0.131318
vt -1.251336 0.131318
vt 1.955148 1.040912
vt -0.924144 1.040912
vt 1.560004 -2.568432
vt 1.560004 3.568432
vt -0.119422 0.308173
vt -0.119422 0.608847
vt 2.759870 0.608847
vt 2.759870 0.308173
vt 1.783163 -2.568432
vt 2.535593 -2.568432
vt 2.535593 3.568432
vt 1.783163 3.568432
vt -0.596952 0.131318
vt -0.596952 0.785702
vt 2.282341 0.785702
vt 2.282341 0.131318
s 2
g Pipe_1_White_Old_Concrete
usemtl White_Old_Concrete
f 182/289/124 183/290/124 192/291/124 191/292/124
s 3
f 182/293/125 191/294/125 199/295/125 190/296/125
s 6
f 190/303/124 199/304/124 193/305/124 184/306/124
s 2
f 200/313/124 207/314/124 192/291/124 183/290/124
s 8
f 200/293/132 206/296/132 213/295/132 207/294/132
s 10
f 206/319/124 201/320/124 208/321/124 213/322/124
s 1
g Pipe_1_Old_Brick
usemtl Old_Brick
f 184/285/123 193/286/123 194/287/123 185/288/123
s 4
f 187/297/126 196/298/126 197/299/127 188/300/127
s 5
f 185/288/128 194/287/128 195/301/128 186/302/128
s 4
f 188/307/127 197/308/127 198/309/129 189/310/129
f 186/302/130 195/301/130 196/311/126 187/312/126
s 7
f 201/285/131 202/288/131 209/287/131 208/286/131
s 4
f 204/315/133 205/316/134 212/317/134 211/318/133
s 9
f 202/288/135 203/302/135 210/301/135 209/287/135
s 4
f 205/323/134 189/324/129 198/325/129 212/326/134
f 203/302/136 204/312/133 211/311/133 210/301/136
g Pipe_4_Vert.013
v -60.668823 -0.200000 -7.690263
v -60.668823 -0.200000 -9.590263
v -60.668823 0.400000 -5.941573
v -60.668823 1.200000 -5.345068
v -60.668823 3.450000 -5.366046
v -60.668823 4.350000 -5.941573
v -60.668823 5.000000 -7.090263
v -60.668823 0.400000 -7.290263
v -71.668823 -0.200000 -7.690264
v -71.668823 -0.200000 -9.590264
v -71.668823 0.400000 -5.941574
v -71.668823 1.200000 -5.345069
v -71.668823 3.450000 -5.366047
v -71.668823 4.350000 -5.941574
v -71.668823 5.000000 -7.090264
v -71.668823 0.400000 -7.290264
v -60.668823 -0.200000 -11.490263
v -60.668823 0.400000 -13.238954
v -60.668823 1.200000 -13.835459
v -60.668823 3.450000 -13.814481
v -60.668823 4.350000 -13.238954
v -60.668823 5.000000 -12.090263
v -60.668823 0.400000 -11.890264
v -71.668823 -0.200000 -11.490264
v -71.668823 0.400000 -13.238955
v -71.668823 1.200000 -13.835460
v -71.668823 3.450000 -13.814482
v -71.668823 4.350000 -13.238955
v -71.668823 5.000000 -12.090264
v -71.668823 0.400000 -11.890265
v -64.335487 5.000000 -7.090263
v -68.002159 5.000000 -7.090264
v -64.335487 5.000000 -12.090263
v -68.002159 5.000000 -12.090263
v -64.468826 5.000000 -11.256930
v -67.868820 5.000000 -11.256930
v -64.468826 5.000000 -7.923597
v -67.868820 5.000000 -7.923597
v -64.468826 5.000000 -9.590263
v -67.868820 5.000000 -9.590263
v -66.168823 5.000000 -11.256930
v -66.168823 5.000000 -7.923597
v -67.641068 5.000000 -10.440263
v -67.018822 5.000000 -11.062506
v -64.696579 5.000000 -10.440263
v -65.318825 5.000000 -11.062506
v -64.696579 5.000000 -8.740263
v -65.318825 5.000000 -8.118019
v -67.641068 5.000000 -8.740263
v -67.018822 5.000000 -8.118019
v -65.318825 5.000000 -7.923597
v -64.468826 5.000000 -8.756930
v -65.318825 5.000000 -11.256930
v -64.468826 5.000000 -10.423597
v -67.018822 5.000000 -11.256930
v -67.868820 5.000000 -10.423597
v -67.868820 5.000000 -8.756930
v -67.018822 5.000000 -7.923597
v -66.168823 4.623183 -10.948932
v -66.168823 9.137699 -10.948932
v -65.470016 4.623183 -10.789091
v -65.470016 9.137699 -10.789091
v -64.965775 4.623183 -10.284844
v -64.965775 9.137699 -10.284844
v -64.779655 4.623183 -9.590262
v -64.779655 9.137699 -9.590262
v -64.965775 4.623183 -8.895680
v -64.965775 9.137699 -8.895680
v -65.470016 4.623183 -8.391435
v -65.470016 9.137699 -8.391435
v -66.168823 4.623183 -8.231595
v -66.168823 9.137699 -8.231595
v -66.867630 4.623183 -8.391435
v -66.867630 9.137699 -8.391435
v -67.371872 4.623183 -8.895680
v -67.371872 9.137699 -8.895680
v -67.557991 4.623183 -9.590262
v -67.557991 9.137699 -9.590262
v -67.371872 4.623183 -10.284844
v -67.371872 9.137699 -10.284844
v -66.867630 4.623183 -10.789091
v -66.867630 9.137699 -10.789091
v -65.318825 9.137699 -11.062506
v -66.168823 9.137699 -11.256929
v -64.696579 9.137699 -10.440263
v -64.468826 9.137699 -9.590262
v -64.696579 9.137699 -8.740262
v -65.318825 9.137699 -8.118019
v -66.168823 9.137699 -7.923597
v -67.018822 9.137699 -8.118019
v -67.641068 9.137699 -8.740262
v -67.868820 9.137699 -9.590262
v -67.641068 9.137699 -10.440263
v -67.018822 9.137699 -11.062506
v -65.250481 8.092972 -11.180882
v -66.168823 8.092972 -11.390940
v -64.578201 8.092972 -10.508608
v -64.332130 8.092972 -9.590262
v -64.578201 8.092972 -8.671917
v -65.250481 8.092972 -7.999642
v -66.168823 8.092972 -7.789587
v -67.087166 8.092972 -7.999642
v -67.759445 8.092972 -8.671917
v -68.005516 8.092972 -9.590262
v -67.759445 8.092972 -10.508608
v -67.087166 8.092972 -11.180882
vn -0.0000 0.5978 -0.8017
vn -0.0000 1.0000 -0.0000
vn -0.0000 0.5547 -0.8321
vn -0.0000 -0.7259 -0.6878
vn -0.0000 -0.9670 -0.2546
vn -0.0000 -0.0093 -1.0000
vn -0.0000 -0.5387 -0.8425
vn -0.0000 0.5978 0.8017
vn -0.0000 0.5547 0.8321
vn -0.0000 -0.7259 0.6878
vn -0.0000 -0.9670 0.2546
vn -0.0000 -0.0093 1.0000
vn -0.0000 -0.5387 0.8425
vn -0.0000 -1.0000 -0.0000
vn 0.3725 -0.6383 -0.6737
vn -0.0000 -0.6329 -0.7743
vn 0.6681 -0.6363 -0.3857
vn 0.7714 -0.6363 -0.0000
vn 0.6681 -0.6363 0.3857
vn 0.3725 -0.6383 0.6737
vn -0.0000 -0.6329 0.7743
vn -0.3725 -0.6383 0.6737
vn -0.6681 -0.6363 0.3857
vn -0.7714 -0.6363 -0.0000
vn -0.6681 -0.6363 -0.3857
vn -0.3725 -0.6383 -0.6737
vn -0.2230 -0.0000 -0.9748
vn -0.0000 -0.0000 -1.0000
vn 0.2230 -0.0000 -0.9748
vn 0.7071 -0.0000 -0.7071
vn 0.9659 -0.0000 -0.2588
vn 0.9659 -0.0000 0.2588
vn 0.8660 -0.0000 0.5000
vn 0.7071 -0.0000 0.7071
vn 0.2230 -0.0000 0.9748
vn -0.0000 -0.0000 1.0000
vn -0.2230 -0.0000 0.9748
vn -0.7071 -0.0000 0.7071
vn -0.8660 -0.0000 0.5000
vn -0.9659 -0.0000 0.2588
vn -0.9659 -0.0000 -0.2588
vn -0.8660 -0.0000 -0.5000
vn -0.7071 -0.0000 -0.7071
vn 0.9915 0.1297 -0.0000
vn 0.8587 0.1297 0.4958
vn -0.8587 0.1297 -0.4958
vn -0.7015 0.1254 -0.7015
vn 0.7015 0.1254 -0.7015
vn 0.8587 0.1297 -0.4958
vn -0.7015 0.1254 0.7015
vn -0.8587 0.1297 0.4958
vn 0.7015 0.1254 0.7015
vn -0.2213 0.1241 -0.9673
vn -0.0000 0.1272 -0.9919
vn -0.9915 0.1297 -0.0000
vn 0.2213 0.1241 0.9673
vn -0.0000 0.1272 0.9919
vn 0.2213 0.1241 -0.9673
vn -0.2213 0.1241 0.9673
vt -0.918939 -0.535794
vt 1.918939 -0.535794
vt 1.918939 -0.329403
vt -0.918939 -0.329403
vt -1.399999 -5.000001
vt 0.500001 -5.000001
vt 0.500001 5.999999
vt -1.399999 5.999999
vt -5.000001 -5.665639
vt 5.999999 -5.665639
vt 5.999999 -5.065639
vt -5.000001 -5.065639
vt 1.125792 0.351825
vt -1.712085 0.351825
vt -1.712085 0.648175
vt -0.766126 0.648175
vt 0.179833 0.648175
vt 1.125792 0.648175
vt 1.918939 0.251072
vt -0.918939 0.251072
vt -1.799999 -5.000001
vt -1.799999 5.999999
vt -3.148690 5.999999
vt -3.148690 -5.000001
vt 1.918939 0.483262
vt -0.918939 0.483262
vt 2.400001 -5.000001
vt 2.400001 5.999999
vt 1.892398 1.507235
vt 1.892398 1.210885
vt 0.946439 1.210885
vt 0.000480 1.210885
vt -0.945479 1.210886
vt -0.945479 1.507235
vt 2.800001 -5.000001
vt 4.148691 -5.000001
vt 4.148691 5.999999
vt 2.800001 5.999999
vt 0.912040 0.995895
vt 0.692750 0.995895
vt 0.473459 0.995895
vt 0.254169 0.995895
vt 0.034878 0.995895
vt 0.946439 -0.079059
vt 0.000480 -0.079059
vt 0.034878 0.135932
vt 0.254169 0.135932
vt 0.473459 0.135932
vt 0.692750 0.135932
vt 0.912040 0.135932
vt 1.892398 -0.079059
vt 0.912040 0.350923
vt 0.912040 0.565913
vt 0.912040 0.780904
vt -0.945480 -0.079058
vt 0.034878 0.780904
vt 0.034878 0.565913
vt 0.034878 0.350923
vt 0.692750 0.186091
vt 0.853281 0.346623
vt 0.853281 0.785204
vt 0.692750 0.945735
vt 0.254169 0.945735
vt 0.093637 0.785204
vt 0.093637 0.346623
vt 0.254169 0.186091
vt -0.198807 -0.842456
vt 0.499999 -0.842456
vt 0.499999 -0.465639
vt -0.350000 -0.465639
vt 1.858669 0.499999
vt 1.698828 -0.198807
vt 1.972243 -0.350001
vt 2.166667 0.499999
vt 1.194582 -0.703053
vt 1.972243 -0.350000
vt 1.350000 -0.972244
vt 1.350000 -0.972244
vt 0.500000 -0.842456
vt 1.194582 -0.842456
vt 1.350000 -0.465639
vt 0.500000 -0.465639
vt 0.500000 -0.889165
vt 0.500000 -1.200001
vt -0.194582 -0.842456
vt -0.350000 -0.465639
vt -0.194582 -0.703053
vt -0.350000 -0.972244
vt -0.698828 -0.198807
vt -0.350000 -0.972244
vt -0.972244 -0.350001
vt -0.972243 -0.350001
vt -0.350001 -0.465639
vt -0.858668 0.499999
vt -1.166666 0.499999
vt 1.198805 -0.842456
vt 1.349998 -0.465639
vt -0.698828 1.198805
vt -0.972244 1.349999
vt -0.194583 1.703051
vt -0.972244 1.349998
vt -0.350000 1.972242
vt -0.350001 1.972242
vt 0.500000 -0.842456
vt -0.194583 -0.842456
vt -0.350000 -0.465639
vt 0.500000 -0.465639
vt 0.500000 1.889163
vt 0.499999 2.199999
vt 1.194582 -0.842456
vt 1.194582 1.703051
vt 1.350000 1.972242
vt 1.698828 1.198805
vt 1.350000 1.972242
vt 1.972242 1.349999
vt 1.972243 1.349999
vt 1.349999 -0.465639
vt 0.499999 3.672060
vt -0.198807 3.672060
vt 1.198805 3.672060
vt 1.703051 -0.842456
vt 1.703051 3.672060
vt 0.500000 3.672060
vt -0.194583 3.672060
vt 1.194582 3.672060
vt 1.698828 -0.842456
vt 1.698828 3.672060
vt 1.698828 -0.842456
vt 1.194582 3.672060
vt 1.698828 3.672060
vt 0.500000 3.672060
vt -0.194582 3.672060
vt -0.698828 -0.842456
vt -0.698828 3.672060
vt 0.500000 0.642202
vt 0.268605 0.642202
vt 0.250000 0.357797
vt 0.500000 0.357797
vt 0.731394 0.642202
vt 0.900787 0.642202
vt 0.933012 0.357797
vt 0.750000 0.357797
vt 0.268606 0.642202
vt 0.099213 0.642202
vt 0.066987 0.357797
vt 0.250000 0.357797
vt 0.731394 0.642202
vt 0.900787 0.642202
vt 0.933013 0.357797
vt 0.750000 0.357797
vt 0.099213 0.642202
vt 0.066987 0.357797
vt 0.731395 0.642202
vt 0.500000 0.642202
vt 0.500000 0.357797
vt 0.750000 0.357797
vt 0.731394 0.642202
vt 0.750000 0.357797
vt 0.268605 0.642202
vt 0.500000 0.642202
vt 0.500000 0.357797
vt 0.250000 0.357797
vt 0.268605 0.642202
vt 0.250000 0.357797
s 11
g Pipe_4_Metal_plates_old
usemtl Metal_plates_old
f 274/393/151 272/394/152 254/395/152 259/396/151
s 12
f 273/397/138 275/398/138 296/399/138 297/400/138
s 11
f 276/401/153 274/398/151 259/402/151 258/403/153
s 12
f 275/398/138 277/401/138 298/404/138 296/399/138
s 11
f 278/405/154 276/406/153 258/407/153 252/408/154
s 12
f 277/401/138 279/409/138 299/410/138 298/404/138
s 11
f 280/411/155 278/405/154 252/408/154 260/412/155
s 12
f 279/409/138 281/413/138 300/414/138 299/410/138
s 11
f 282/415/156 280/413/155 260/416/155 261/417/156
s 12
f 281/413/138 283/415/138 301/418/138 300/414/138
s 11
f 284/394/157 282/393/156 261/419/156 255/395/157
s 12
f 283/415/138 285/420/138 302/421/138 301/418/138
s 11
f 286/422/158 284/394/157 255/395/157 263/423/158
s 12
f 285/420/138 287/424/138 303/425/138 302/421/138
s 11
f 288/426/159 286/424/158 263/427/158 262/428/159
s 12
f 287/424/138 289/426/138 304/429/138 303/425/138
s 11
f 290/430/160 288/431/159 262/432/159 253/433/160
s 12
f 289/426/138 291/434/138 305/435/138 304/429/138
s 11
f 292/436/161 290/430/160 253/433/160 256/407/161
s 12
f 291/434/138 293/437/138 306/438/138 305/435/138
s 11
f 294/439/162 292/437/161 256/440/161 257/441/162
s 12
f 293/437/138 295/439/138 307/442/138 306/438/138
s 11
f 272/394/152 294/422/162 257/443/162 254/395/152
s 12
f 295/439/138 273/397/138 297/400/138 307/442/138
s 13
f 282/393/163 284/394/164 285/444/164 283/445/163
f 284/394/164 286/422/165 287/446/165 285/444/164
s 14
f 286/422/166 288/447/166 289/448/166 287/446/166
s 15
f 288/431/167 290/430/167 291/449/167 289/450/167
s 16
f 290/430/168 292/436/169 293/451/169 291/449/168
f 292/436/169 294/452/170 295/453/170 293/451/169
s 17
f 294/422/171 272/394/172 273/444/172 295/446/171
f 272/394/172 274/393/173 275/445/173 273/444/172
s 18
f 274/454/174 276/406/175 277/455/175 275/456/174
f 276/406/175 278/405/176 279/457/176 277/455/175
s 19
f 278/405/177 280/411/178 281/458/178 279/457/177
f 280/411/178 282/459/179 283/460/179 281/458/178
s 20
f 299/461/180 300/462/181 312/463/181 311/464/180
s 21
f 306/465/182 307/466/183 319/467/183 318/468/182
s 20
f 296/469/184 298/470/185 310/471/185 308/472/184
s 21
f 303/473/186 304/474/187 316/475/187 315/476/186
s 20
f 300/462/181 301/477/188 313/478/188 312/463/181
s 22
f 307/479/189 297/480/190 309/481/190 319/482/189
s 20
f 298/483/185 299/461/180 311/464/180 310/484/185
s 21
f 304/485/187 305/486/191 317/487/191 316/488/187
s 23
f 301/489/192 302/480/193 314/481/193 313/490/192
s 21
f 305/486/191 306/465/182 318/468/182 317/487/191
s 22
f 297/480/190 296/469/194 308/472/194 309/481/190
s 23
f 302/480/193 303/473/195 315/476/195 314/481/193
s 1
g Pipe_4_Old_Brick
usemtl Old_Brick
f 216/327/137 224/328/137 225/329/137 217/330/137
s 4
f 219/339/140 227/340/140 228/341/141 245/342/141 244/343/141 220/344/141
s 5
f 217/330/142 225/329/142 226/345/142 218/346/142
s 4
f 218/346/143 226/345/143 227/351/140 219/352/140
s 7
f 231/327/144 232/330/144 239/329/144 238/328/144
s 4
f 234/355/146 235/356/147 246/357/147 247/358/147 242/359/147 241/360/146
s 9
f 232/330/148 233/346/148 240/345/148 239/329/148
s 4
f 233/346/149 234/352/146 241/351/146 240/345/149
f 246/357/147 248/365/150 266/366/150 254/367/150 268/368/150 249/369/150 247/358/147
f 249/369/150 242/359/147 247/358/147
f 244/370/141 245/371/141 251/372/150 271/373/150 255/374/150 264/375/150 250/376/150
f 235/356/147 248/365/150 246/357/147
f 244/370/141 250/376/150 220/377/141
f 220/377/141 250/376/150 265/378/150 252/379/150 267/380/150 248/365/150 235/356/147
f 245/371/141 228/381/141 251/372/150
f 251/372/150 228/381/141 242/359/147 249/369/150 269/382/150 253/383/150 270/384/150
f 264/375/150 255/374/150 261/385/150
f 250/376/150 264/375/150 261/385/150 260/386/150 265/378/150
f 260/386/150 252/379/150 265/378/150
f 267/380/150 252/379/150 258/387/150
f 248/365/150 267/380/150 258/387/150 259/388/150 266/366/150
f 254/367/150 266/366/150 259/388/150
f 268/368/150 254/367/150 257/389/150
f 257/389/150 256/390/150 269/382/150 249/369/150 268/368/150
f 269/382/150 256/390/150 253/383/150
f 262/391/150 270/384/150 253/383/150
f 251/372/150 270/384/150 262/391/150 263/392/150 271/373/150
f 255/374/150 271/373/150 263/392/150
s 2
g Pipe_4_White_Old_Concrete
usemtl White_Old_Concrete
f 214/331/138 215/332/138 223/333/138 222/334/138
s 3
f 214/335/139 222/336/139 229/337/139 221/338/139
s 6
f 221/347/138 229/348/138 224/349/138 216/350/138
s 2
f 230/353/138 237/354/138 223/333/138 215/332/138
s 8
f 230/335/145 236/338/145 243/337/145 237/336/145
s 10
f 236/361/138 231/362/138 238/363/138 243/364/138
g Ladder_2_Vert.015
v -67.373741 1.974125 -10.228631
v -67.184265 1.974125 -10.228631
v -67.373741 1.119161 -10.228631
v -67.184265 1.119161 -10.228631
v -67.279007 1.261848 -10.018703
v -67.373741 1.380561 -10.018703
v -67.373741 1.167110 -10.018703
v -67.345993 1.289596 -10.018703
v -67.279007 1.736699 -10.018703
v -67.373741 1.855412 -10.018703
v -67.373741 1.641961 -10.018703
v -67.345993 1.764448 -10.018703
v -67.184265 1.380561 -10.018703
v -67.184265 1.167110 -10.018703
v -67.212013 1.289596 -10.018703
v -67.184265 1.855412 -10.018703
v -67.184265 1.641961 -10.018703
v -67.212013 1.764448 -10.018703
v -67.373741 1.119161 -10.018703
v -67.184265 1.119161 -10.018703
v -67.279007 1.499274 -10.018703
v -67.373741 1.594012 -10.018703
v -67.345993 1.471526 -10.018703
v -67.184265 1.594012 -10.018703
v -67.212013 1.471526 -10.018703
v -67.373741 1.974125 -10.019070
v -67.345993 1.929517 -10.019070
v -67.184265 1.974125 -10.019070
v -67.212013 1.929517 -10.019070
v -67.373741 1.974125 -8.951896
v -67.184265 1.974125 -8.951896
v -67.373741 1.119161 -8.951896
v -67.184265 1.119161 -8.951896
v -67.279007 1.261848 -9.161823
v -67.373741 1.380561 -9.161823
v -67.373741 1.167110 -9.161823
v -67.345993 1.289596 -9.161823
v -67.279007 1.736699 -9.161823
v -67.373741 1.855412 -9.161823
v -67.373741 1.641961 -9.161823
v -67.345993 1.764448 -9.161823
v -67.184265 1.380561 -9.161823
v -67.184265 1.167110 -9.161823
v -67.212013 1.289596 -9.161823
v -67.184265 1.855412 -9.161823
v -67.184265 1.641961 -9.161823
v -67.212013 1.764448 -9.161823
v -67.373741 1.119161 -9.161823
v -67.184265 1.119161 -9.161823
v -67.279007 1.499274 -9.161823
v -67.373741 1.594012 -9.161823
v -67.345993 1.471526 -9.161823
v -67.184265 1.594012 -9.161823
v -67.212013 1.471526 -9.161823
v -67.373741 1.974125 -9.161457
v -67.345993 1.929517 -9.161457
v -67.184265 1.974125 -9.161457
v -67.212013 1.929517 -9.161457
v -67.279007 1.119161 -10.269525
v -67.279007 1.974125 -10.269525
v -67.279007 1.974125 -8.911002
v -67.279007 1.119161 -8.911002
v -67.279289 1.957402 -10.019070
v -67.279289 1.957402 -9.161457
v -67.373741 4.376130 -10.228631
v -67.184265 4.376130 -10.228631
v -67.373741 1.974125 -10.228631
v -67.184265 1.974125 -10.228631
v -67.279007 2.239299 -10.018703
v -67.373741 2.358012 -10.018703
v -67.373741 2.144561 -10.018703
v -67.345993 2.267047 -10.018703
v -67.279007 2.714150 -10.018703
v -67.373741 2.832863 -10.018703
v -67.373741 2.619412 -10.018703
v -67.345993 2.741899 -10.018703
v -67.279007 3.189002 -10.018703
v -67.373741 3.307715 -10.018703
v -67.373741 3.094264 -10.018703
v -67.345993 3.216750 -10.018703
v -67.279007 3.663853 -10.018703
v -67.373741 3.782566 -10.018703
v -67.373741 3.569115 -10.018703
v -67.345993 3.691601 -10.018703
v -67.279007 4.138704 -10.018703
v -67.373741 4.257417 -10.018703
v -67.373741 4.043966 -10.018703
v -67.345993 4.166452 -10.018703
v -67.184265 2.358012 -10.018703
v -67.184265 2.144561 -10.018703
v -67.212013 2.267047 -10.018703
v -67.184265 2.832863 -10.018703
v -67.184265 2.619412 -10.018703
v -67.212013 2.741899 -10.018703
v -67.184265 3.307715 -10.018703
v -67.184265 3.094264 -10.018703
v -67.212013 3.216750 -10.018703
v -67.184265 3.782566 -10.018703
v -67.184265 3.569115 -10.018703
v -67.212013 3.691601 -10.018703
v -67.184265 4.257417 -10.018703
v -67.184265 4.043966 -10.018703
v -67.212013 4.166452 -10.018703
v -67.373749 1.974125 -10.018703
v -67.184265 1.974125 -10.018703
v -67.279007 2.476725 -10.018703
v -67.373741 2.571463 -10.018703
v -67.345993 2.448976 -10.018703
v -67.184265 2.571463 -10.018703
v -67.212013 2.448976 -10.018703
v -67.279007 2.951576 -10.018703
v -67.373741 3.046314 -10.018703
v -67.345993 2.923828 -10.018703
v -67.184265 3.046314 -10.018703
v -67.212013 2.923828 -10.018703
v -67.279007 3.426428 -10.018703
v -67.373741 3.521166 -10.018703
v -67.345993 3.398679 -10.018703
v -67.184265 3.521166 -10.018703
v -67.212013 3.398679 -10.018703
v -67.279007 3.901279 -10.018703
v -67.373741 3.996017 -10.018703
v -67.345993 3.873531 -10.018703
v -67.184265 3.996017 -10.018703
v -67.212013 3.873531 -10.018703
v -67.373741 4.376130 -10.019070
v -67.345993 4.331522 -10.019070
v -67.184265 4.376130 -10.019070
v -67.212013 4.331522 -10.019070
v -67.373741 4.376130 -8.951896
v -67.184265 4.376130 -8.951896
v -67.373741 1.974125 -8.951896
v -67.184265 1.974125 -8.951896
v -67.279007 2.239299 -9.161823
v -67.373741 2.358012 -9.161823
v -67.373741 2.144561 -9.161823
v -67.345993 2.267047 -9.161823
v -67.279007 2.714150 -9.161823
v -67.373741 2.832863 -9.161823
v -67.373741 2.619412 -9.161823
v -67.345993 2.741899 -9.161823
v -67.279007 3.189002 -9.161823
v -67.373741 3.307715 -9.161823
v -67.373741 3.094264 -9.161823
v -67.345993 3.216750 -9.161823
v -67.279007 3.663853 -9.161823
v -67.373741 3.782566 -9.161823
v -67.373741 3.569115 -9.161823
v -67.345993 3.691601 -9.161823
v -67.279007 4.138704 -9.161823
v -67.373741 4.257417 -9.161823
v -67.373741 4.043966 -9.161823
v -67.345993 4.166452 -9.161823
v -67.184265 2.358012 -9.161823
v -67.184265 2.144561 -9.161823
v -67.212013 2.267047 -9.161823
v -67.184265 2.832863 -9.161823
v -67.184265 2.619412 -9.161823
v -67.212013 2.741899 -9.161823
v -67.184265 3.307715 -9.161823
v -67.184265 3.094264 -9.161823
v -67.212013 3.216750 -9.161823
v -67.184265 3.782566 -9.161823
v -67.184265 3.569115 -9.161823
v -67.212013 3.691601 -9.161823
v -67.184265 4.257417 -9.161823
v -67.184265 4.043966 -9.161823
v -67.212013 4.166452 -9.161823
v -67.373749 1.974125 -9.161823
v -67.184265 1.974125 -9.161823
v -67.279007 2.476725 -9.161823
v -67.373741 2.571463 -9.161823
v -67.345993 2.448976 -9.161823
v -67.184265 2.571463 -9.161823
v -67.212013 2.448976 -9.161823
v -67.279007 2.951576 -9.161823
v -67.373741 3.046314 -9.161823
v -67.345993 2.923828 -9.161823
v -67.184265 3.046314 -9.161823
v -67.212013 2.923828 -9.161823
v -67.279007 3.426428 -9.161823
v -67.373741 3.521166 -9.161823
v -67.345993 3.398679 -9.161823
v -67.184265 3.521166 -9.161823
v -67.212013 3.398679 -9.161823
v -67.279007 3.901279 -9.161823
v -67.373741 3.996017 -9.161823
v -67.345993 3.873531 -9.161823
v -67.184265 3.996017 -9.161823
v -67.212013 3.873531 -9.161823
v -67.373741 4.376130 -9.161457
v -67.345993 4.331522 -9.161457
v -67.184265 4.376130 -9.161457
v -67.212013 4.331522 -9.161457
v -67.279007 1.974125 -10.269525
v -67.279007 4.376130 -10.269525
v -67.279007 4.376130 -8.911002
v -67.279007 1.974125 -8.911002
v -67.279289 4.359407 -10.019070
v -67.279289 4.359407 -9.161457
v -67.373741 6.778135 -10.228631
v -67.184265 6.778135 -10.228631
v -67.373741 4.376130 -10.228631
v -67.184265 4.376130 -10.228631
v -67.279007 4.641304 -10.018703
v -67.373741 4.760016 -10.018703
v -67.373741 4.546566 -10.018703
v -67.345993 4.669052 -10.018703
v -67.279007 5.116156 -10.018703
v -67.373741 5.234868 -10.018703
v -67.373741 5.021417 -10.018703
v -67.345993 5.143903 -10.018703
v -67.279007 5.591006 -10.018703
v -67.373741 5.709720 -10.018703
v -67.373741 5.496268 -10.018703
v -67.345993 5.618755 -10.018703
v -67.279007 6.065858 -10.018703
v -67.373741 6.184571 -10.018703
v -67.373741 5.971120 -10.018703
v -67.345993 6.093606 -10.018703
v -67.279007 6.540709 -10.018703
v -67.373741 6.659422 -10.018703
v -67.373741 6.445971 -10.018703
v -67.345993 6.568458 -10.018703
v -67.184265 4.760016 -10.018703
v -67.184265 4.546566 -10.018703
v -67.212013 4.669052 -10.018703
v -67.184265 5.234868 -10.018703
v -67.184265 5.021417 -10.018703
v -67.212013 5.143903 -10.018703
v -67.184265 5.709720 -10.018703
v -67.184265 5.496268 -10.018703
v -67.212013 5.618755 -10.018703
v -67.184265 6.184571 -10.018703
v -67.184265 5.971120 -10.018703
v -67.212013 6.093606 -10.018703
v -67.184265 6.659422 -10.018703
v -67.184265 6.445971 -10.018703
v -67.212013 6.568458 -10.018703
v -67.373749 4.376130 -10.018703
v -67.184265 4.376130 -10.018703
v -67.279007 4.878729 -10.018703
v -67.373741 4.973468 -10.018703
v -67.345993 4.850982 -10.018703
v -67.184265 4.973468 -10.018703
v -67.212013 4.850982 -10.018703
v -67.279007 5.353581 -10.018703
v -67.373741 5.448319 -10.018703
v -67.345993 5.325832 -10.018703
v -67.184265 5.448319 -10.018703
v -67.212013 5.325832 -10.018703
v -67.279007 5.828433 -10.018703
v -67.373741 5.923171 -10.018703
v -67.345993 5.800684 -10.018703
v -67.184265 5.923171 -10.018703
v -67.212013 5.800684 -10.018703
v -67.279007 6.303284 -10.018703
v -67.373741 6.398022 -10.018703
v -67.345993 6.275536 -10.018703
v -67.184265 6.398022 -10.018703
v -67.212013 6.275536 -10.018703
v -67.373741 6.778135 -10.019070
v -67.345993 6.733526 -10.019070
v -67.184265 6.778135 -10.019070
v -67.212013 6.733526 -10.019070
v -67.373741 6.778135 -8.951896
v -67.184265 6.778135 -8.951896
v -67.373741 4.376130 -8.951896
v -67.184265 4.376130 -8.951896
v -67.279007 4.641304 -9.161823
v -67.373741 4.760016 -9.161823
v -67.373741 4.546566 -9.161823
v -67.345993 4.669052 -9.161823
v -67.279007 5.116156 -9.161823
v -67.373741 5.234868 -9.161823
v -67.373741 5.021417 -9.161823
v -67.345993 5.143903 -9.161823
v -67.279007 5.591006 -9.161823
v -67.373741 5.709720 -9.161823
v -67.373741 5.496268 -9.161823
v -67.345993 5.618755 -9.161823
v -67.279007 6.065858 -9.161823
v -67.373741 6.184571 -9.161823
v -67.373741 5.971120 -9.161823
v -67.345993 6.093606 -9.161823
v -67.279007 6.540709 -9.161823
v -67.373741 6.659422 -9.161823
v -67.373741 6.445971 -9.161823
v -67.345993 6.568458 -9.161823
v -67.184265 4.760016 -9.161823
v -67.184265 4.546566 -9.161823
v -67.212013 4.669052 -9.161823
v -67.184265 5.234868 -9.161823
v -67.184265 5.021417 -9.161823
v -67.212013 5.143903 -9.161823
v -67.184265 5.709720 -9.161823
v -67.184265 5.496268 -9.161823
v -67.212013 5.618755 -9.161823
v -67.184265 6.184571 -9.161823
v -67.184265 5.971120 -9.161823
v -67.212013 6.093606 -9.161823
v -67.184265 6.659422 -9.161823
v -67.184265 6.445971 -9.161823
v -67.212013 6.568458 -9.161823
v -67.373749 4.376130 -9.161823
v -67.184265 4.376130 -9.161823
v -67.279007 4.878729 -9.161823
v -67.373741 4.973468 -9.161823
v -67.345993 4.850982 -9.161823
v -67.184265 4.973468 -9.161823
v -67.212013 4.850982 -9.161823
v -67.279007 5.353581 -9.161823
v -67.373741 5.448319 -9.161823
v -67.345993 5.325832 -9.161823
v -67.184265 5.448319 -9.161823
v -67.212013 5.325832 -9.161823
v -67.279007 5.828433 -9.161823
v -67.373741 5.923171 -9.161823
v -67.345993 5.800684 -9.161823
v -67.184265 5.923171 -9.161823
v -67.212013 5.800684 -9.161823
v -67.279007 6.303284 -9.161823
v -67.373741 6.398022 -9.161823
v -67.345993 6.275536 -9.161823
v -67.184265 6.398022 -9.161823
v -67.212013 6.275536 -9.161823
v -67.373741 6.778135 -9.161457
v -67.345993 6.733526 -9.161457
v -67.184265 6.778135 -9.161457
v -67.212013 6.733526 -9.161457
v -67.279007 4.376130 -10.269525
v -67.279007 6.778135 -10.269525
v -67.279007 6.778135 -8.911002
v -67.279007 4.376130 -8.911002
v -67.279289 6.761412 -10.019070
v -67.279289 6.761412 -9.161457
v -67.373741 9.180140 -10.228631
v -67.184265 9.180140 -10.228631
v -67.373741 6.778135 -10.228631
v -67.184265 6.778135 -10.228631
v -67.279007 7.043309 -10.018703
v -67.373741 7.162022 -10.018703
v -67.373741 6.948571 -10.018703
v -67.345993 7.071057 -10.018703
v -67.279007 7.518160 -10.018703
v -67.373741 7.636874 -10.018703
v -67.373741 7.423422 -10.018703
v -67.345993 7.545909 -10.018703
v -67.279007 7.993012 -10.018703
v -67.373741 8.111725 -10.018703
v -67.373741 7.898274 -10.018703
v -67.345993 8.020760 -10.018703
v -67.279007 8.467863 -10.018703
v -67.373741 8.586576 -10.018703
v -67.373741 8.373125 -10.018703
v -67.345993 8.495611 -10.018703
v -67.279007 8.942715 -10.018703
v -67.373741 9.061428 -10.018703
v -67.373741 8.847977 -10.018703
v -67.345993 8.970463 -10.018703
v -67.184265 7.162022 -10.018703
v -67.184265 6.948571 -10.018703
v -67.212013 7.071057 -10.018703
v -67.184265 7.636874 -10.018703
v -67.184265 7.423422 -10.018703
v -67.212013 7.545909 -10.018703
v -67.184265 8.111725 -10.018703
v -67.184265 7.898274 -10.018703
v -67.212013 8.020760 -10.018703
v -67.184265 8.586576 -10.018703
v -67.184265 8.373125 -10.018703
v -67.212013 8.495611 -10.018703
v -67.184265 9.061428 -10.018703
v -67.184265 8.847977 -10.018703
v -67.212013 8.970463 -10.018703
v -67.373749 6.778135 -10.018703
v -67.184265 6.778135 -10.018703
v -67.279007 7.280735 -10.018703
v -67.373741 7.375473 -10.018703
v -67.345993 7.252986 -10.018703
v -67.184265 7.375473 -10.018703
v -67.212013 7.252986 -10.018703
v -67.279007 7.755586 -10.018703
v -67.373741 7.850324 -10.018703
v -67.345993 7.727838 -10.018703
v -67.184265 7.850324 -10.018703
v -67.212013 7.727838 -10.018703
v -67.279007 8.230438 -10.018703
v -67.373741 8.325176 -10.018703
v -67.345993 8.202690 -10.018703
v -67.184265 8.325176 -10.018703
v -67.212013 8.202690 -10.018703
v -67.279007 8.705290 -10.018703
v -67.373741 8.800028 -10.018703
v -67.345993 8.677542 -10.018703
v -67.184265 8.800028 -10.018703
v -67.212013 8.677542 -10.018703
v -67.373741 9.180140 -10.019070
v -67.345993 9.135532 -10.019070
v -67.184265 9.180140 -10.019070
v -67.212013 9.135532 -10.019070
v -67.373741 9.180140 -8.951896
v -67.184265 9.180140 -8.951896
v -67.373741 6.778135 -8.951896
v -67.184265 6.778135 -8.951896
v -67.279007 7.043309 -9.161823
v -67.373741 7.162022 -9.161823
v -67.373741 6.948571 -9.161823
v -67.345993 7.071057 -9.161823
v -67.279007 7.518160 -9.161823
v -67.373741 7.636874 -9.161823
v -67.373741 7.423422 -9.161823
v -67.345993 7.545909 -9.161823
v -67.279007 7.993012 -9.161823
v -67.373741 8.111725 -9.161823
v -67.373741 7.898274 -9.161823
v -67.345993 8.020760 -9.161823
v -67.279007 8.467863 -9.161823
v -67.373741 8.586576 -9.161823
v -67.373741 8.373125 -9.161823
v -67.345993 8.495611 -9.161823
v -67.279007 8.942715 -9.161823
v -67.373741 9.061428 -9.161823
v -67.373741 8.847977 -9.161823
v -67.345993 8.970463 -9.161823
v -67.184265 7.162022 -9.161823
v -67.184265 6.948571 -9.161823
v -67.212013 7.071057 -9.161823
v -67.184265 7.636874 -9.161823
v -67.184265 7.423422 -9.161823
v -67.212013 7.545909 -9.161823
v -67.184265 8.111725 -9.161823
v -67.184265 7.898274 -9.161823
v -67.212013 8.020760 -9.161823
v -67.184265 8.586576 -9.161823
v -67.184265 8.373125 -9.161823
v -67.212013 8.495611 -9.161823
v -67.184265 9.061428 -9.161823
v -67.184265 8.847977 -9.161823
v -67.212013 8.970463 -9.161823
v -67.373749 6.778135 -9.161823
v -67.184265 6.778135 -9.161823
v -67.279007 7.280735 -9.161823
v -67.373741 7.375473 -9.161823
v -67.345993 7.252986 -9.161823
v -67.184265 7.375473 -9.161823
v -67.212013 7.252986 -9.161823
v -67.279007 7.755586 -9.161823
v -67.373741 7.850324 -9.161823
v -67.345993 7.727838 -9.161823
v -67.184265 7.850324 -9.161823
v -67.212013 7.727838 -9.161823
v -67.279007 8.230438 -9.161823
v -67.373741 8.325176 -9.161823
v -67.345993 8.202690 -9.161823
v -67.184265 8.325176 -9.161823
v -67.212013 8.202690 -9.161823
v -67.279007 8.705290 -9.161823
v -67.373741 8.800028 -9.161823
v -67.345993 8.677542 -9.161823
v -67.184265 8.800028 -9.161823
v -67.212013 8.677542 -9.161823
v -67.373741 9.180140 -9.161457
v -67.345993 9.135532 -9.161457
v -67.184265 9.180140 -9.161457
v -67.212013 9.135532 -9.161457
v -67.279007 6.778135 -10.269525
v -67.279007 9.180140 -10.269525
v -67.279007 9.180140 -8.911002
v -67.279007 6.778135 -8.911002
v -67.279289 9.163418 -10.019070
v -67.279289 9.163418 -9.161457
vn -0.8315 0.5556 -0.0000
vn -0.0000 1.0000 -0.0000
vn 0.8315 -0.5556 -0.0000
vn -0.0000 -1.0000 -0.0000
vn -0.0000 -0.0000 1.0000
vn -0.8315 -0.5555 -0.0000
vn -0.8315 -0.5556 -0.0000
vn 0.8315 0.5556 -0.0000
vn 1.0000 -0.0000 -0.0000
vn 0.6673 -0.6019 -0.4388
vn -0.0000 -0.6278 -0.7783
vn -0.0000 -0.0000 -1.0000
vn 0.8356 -0.0000 -0.5494
vn 0.8315 -0.5555 -0.0000
vn 0.0050 0.0031 1.0000
vn 0.0028 0.0017 1.0000
vn 0.0018 0.0011 1.0000
vn -0.0028 0.0017 1.0000
vn -0.0018 0.0011 1.0000
vn -0.0050 0.0031 1.0000
vn 0.5774 -0.5774 -0.5773
vn 0.7071 -0.0000 -0.7071
vn 0.8356 -0.0000 0.5494
vn 0.6673 -0.6019 0.4388
vn -0.5774 -0.5774 -0.5773
vn -0.5774 -0.5774 0.5773
vn 0.5774 -0.5774 0.5773
vn -0.0000 -0.6278 0.7783
vn 0.0050 0.0031 -1.0000
vn 0.0018 0.0011 -1.0000
vn 0.0028 0.0017 -1.0000
vn -0.0028 0.0017 -1.0000
vn -0.0018 0.0011 -1.0000
vn -0.0050 0.0031 -1.0000
vn -1.0000 -0.0000 -0.0000
vn -1.0000 0.0001 -0.0000
vn -0.8318 0.5551 -0.0000
vn 0.8310 0.5563 -0.0000
vn 1.0000 0.0001 -0.0000
vn -0.6673 -0.6019 -0.4388
vn -0.8356 -0.0000 -0.5494
vn -0.8356 -0.0000 0.5494
vn -0.6673 -0.6019 0.4388
vn -0.0015 1.0000 -0.0000
vn -0.9338 -0.0000 -0.3578
vn -0.9338 -0.0000 0.3578
vt 0.491690 0.552172
vt 0.491690 0.445872
vt 0.500001 0.445872
vt 0.500001 0.552172
vt 0.508311 0.445872
vt 0.508311 0.552172
vt 0.491690 0.021839
vt 0.488248 0.033124
vt 0.488248 0.006644
vt 0.491690 0.080747
vt 0.488248 0.092031
vt 0.488248 0.065551
vt 0.511753 0.033124
vt 0.508311 0.021839
vt 0.511753 0.006644
vt 0.511753 0.092031
vt 0.508311 0.080747
vt 0.511753 0.065551
vt 0.500001 0.077304
vt 0.488248 0.059603
vt 0.491690 0.044408
vt 0.500001 0.047851
vt 0.508311 0.044408
vt 0.511753 0.059603
vt 0.552172 0.044408
vt 0.445872 0.044408
vt 0.445872 0.033124
vt 0.445872 0.021839
vt 0.552172 0.021839
vt 0.552172 0.033124
vt 0.511753 0.000696
vt 0.500001 0.000696
vt 0.500001 0.106758
vt 0.511753 0.106758
vt 0.491690 0.101224
vt 0.488248 0.106758
vt 0.508311 0.101224
vt 0.511753 0.106758
vt 0.499965 0.104683
vt 0.511753 0.578214
vt 0.500001 0.583287
vt 0.488248 0.578214
vt 0.488248 0.552217
vt 0.511753 0.552217
vt 0.445872 0.000696
vt 0.445872 0.006644
vt 0.445872 0.059603
vt 0.445872 0.065551
vt 0.445872 0.092031
vt 0.445826 0.106758
vt 0.419829 0.106758
vt 0.419829 0.000696
vt 0.488248 0.000696
vt 0.500001 0.018397
vt 0.511753 0.419829
vt 0.511753 0.445826
vt 0.488248 0.445826
vt 0.488248 0.419829
vt 0.500001 0.414756
vt 0.445826 0.101224
vt 0.552217 0.101224
vt 0.552172 0.092031
vt 0.552172 0.080747
vt 0.445872 0.080747
vt 0.488248 0.000696
vt 0.488248 0.106758
vt 0.491690 0.552217
vt 0.491690 0.445826
vt 0.499965 0.445826
vt 0.499965 0.552217
vt 0.508311 0.445826
vt 0.508311 0.552217
vt 0.445872 0.154381
vt 0.445872 0.143096
vt 0.552172 0.143096
vt 0.552172 0.154381
vt 0.552172 0.165665
vt 0.445872 0.165665
vt 0.488248 0.106758
vt 0.511753 0.106758
vt 0.511753 0.127901
vt 0.500001 0.139654
vt 0.488248 0.127901
vt 0.552172 0.260911
vt 0.445872 0.260911
vt 0.445872 0.272196
vt 0.445872 0.283480
vt 0.552172 0.283480
vt 0.552172 0.272196
vt 0.491690 0.143096
vt 0.488248 0.154381
vt 0.491690 0.202004
vt 0.488248 0.213288
vt 0.488248 0.186809
vt 0.491690 0.260911
vt 0.488248 0.272196
vt 0.488248 0.245716
vt 0.491690 0.319818
vt 0.488248 0.331103
vt 0.488248 0.304623
vt 0.491690 0.378726
vt 0.488248 0.390010
vt 0.488248 0.363531
vt 0.511753 0.154381
vt 0.508311 0.143096
vt 0.511753 0.213288
vt 0.508311 0.202004
vt 0.511753 0.186809
vt 0.511753 0.272196
vt 0.508311 0.260911
vt 0.511753 0.245716
vt 0.511753 0.331103
vt 0.508311 0.319818
vt 0.511753 0.304623
vt 0.500001 0.198561
vt 0.488248 0.180860
vt 0.491690 0.165665
vt 0.500001 0.169108
vt 0.508311 0.165665
vt 0.511753 0.180860
vt 0.511753 0.390010
vt 0.508311 0.378726
vt 0.511753 0.363531
vt 0.578214 0.404737
vt 0.552217 0.404737
vt 0.552172 0.390010
vt 0.552172 0.363531
vt 0.552172 0.357583
vt 0.552172 0.331103
vt 0.552172 0.304623
vt 0.552172 0.298675
vt 0.552172 0.245716
vt 0.552172 0.239768
vt 0.552172 0.213288
vt 0.552172 0.186809
vt 0.552172 0.180860
vt 0.552172 0.127901
vt 0.552172 0.106758
vt 0.578214 0.106758
vt 0.552172 0.106758
vt 0.500001 0.257469
vt 0.488248 0.239768
vt 0.491690 0.224573
vt 0.500001 0.228015
vt 0.508311 0.224573
vt 0.511753 0.239768
vt 0.500001 0.316376
vt 0.488248 0.298675
vt 0.491690 0.283480
vt 0.500001 0.286922
vt 0.508311 0.283480
vt 0.511753 0.298675
vt 0.500001 0.375283
vt 0.488248 0.357583
vt 0.491690 0.342388
vt 0.500001 0.345830
vt 0.508311 0.342388
vt 0.511753 0.357583
vt 0.445872 0.202004
vt 0.445872 0.213288
vt 0.445872 0.224573
vt 0.552172 0.224573
vt 0.552172 0.202004
vt 0.552172 0.342388
vt 0.445872 0.342388
vt 0.445872 0.331103
vt 0.445872 0.319818
vt 0.552172 0.319818
vt 0.500001 0.404737
vt 0.511753 0.404737
vt 0.491690 0.399203
vt 0.488248 0.404737
vt 0.508311 0.399203
vt 0.511753 0.404737
vt 0.499965 0.402663
vt 0.419829 0.404737
vt 0.445872 0.106758
vt 0.445872 0.127901
vt 0.445872 0.180860
vt 0.445872 0.186809
vt 0.445872 0.239768
vt 0.445872 0.245716
vt 0.445872 0.298675
vt 0.445872 0.304623
vt 0.445872 0.357583
vt 0.445872 0.363531
vt 0.445872 0.390010
vt 0.445826 0.404737
vt 0.445872 0.106758
vt 0.445826 0.399203
vt 0.552217 0.399203
vt 0.552172 0.378726
vt 0.445872 0.378726
vt 0.488248 0.404737
vt 0.445872 0.452360
vt 0.445872 0.441075
vt 0.552172 0.441075
vt 0.552172 0.452360
vt 0.552172 0.463645
vt 0.445872 0.463645
vt 0.488248 0.404737
vt 0.511753 0.404737
vt 0.511753 0.425880
vt 0.500001 0.437633
vt 0.488248 0.425880
vt 0.552172 0.558890
vt 0.445872 0.558890
vt 0.445872 0.570175
vt 0.445872 0.581459
vt 0.552172 0.581459
vt 0.552172 0.570175
vt 0.491690 0.441075
vt 0.488248 0.452360
vt 0.491690 0.499983
vt 0.488248 0.511267
vt 0.488248 0.484788
vt 0.491690 0.558890
vt 0.488248 0.570175
vt 0.488248 0.543695
vt 0.491690 0.617798
vt 0.488248 0.629082
vt 0.488248 0.602603
vt 0.491690 0.676705
vt 0.488248 0.687990
vt 0.488248 0.661510
vt 0.511753 0.452360
vt 0.508311 0.441075
vt 0.511753 0.511267
vt 0.508311 0.499983
vt 0.511753 0.484788
vt 0.511753 0.570175
vt 0.508311 0.558890
vt 0.511753 0.543695
vt 0.511753 0.629082
vt 0.508311 0.617798
vt 0.511753 0.602603
vt 0.500001 0.496541
vt 0.488248 0.478840
vt 0.491690 0.463645
vt 0.500001 0.467087
vt 0.508311 0.463645
vt 0.511753 0.478840
vt 0.511753 0.687990
vt 0.508311 0.676705
vt 0.511753 0.661510
vt 0.578214 0.702716
vt 0.552217 0.702716
vt 0.552172 0.687990
vt 0.552172 0.661510
vt 0.552172 0.655562
vt 0.552172 0.629082
vt 0.552172 0.602603
vt 0.552172 0.596654
vt 0.552172 0.543695
vt 0.552172 0.537747
vt 0.552172 0.511267
vt 0.552172 0.484788
vt 0.552172 0.478840
vt 0.552172 0.425880
vt 0.552172 0.404737
vt 0.552172 0.404737
vt 0.500001 0.555448
vt 0.488248 0.537747
vt 0.491690 0.522552
vt 0.500001 0.525994
vt 0.508311 0.522552
vt 0.511753 0.537747
vt 0.500001 0.614355
vt 0.488248 0.596654
vt 0.491690 0.581459
vt 0.500001 0.584902
vt 0.508311 0.581459
vt 0.511753 0.596654
vt 0.500001 0.673263
vt 0.488248 0.655562
vt 0.491690 0.640367
vt 0.500001 0.643809
vt 0.508311 0.640367
vt 0.511753 0.655562
vt 0.445872 0.499983
vt 0.445872 0.511267
vt 0.445872 0.522552
vt 0.552172 0.522552
vt 0.552172 0.499983
vt 0.552172 0.640367
vt 0.445872 0.640367
vt 0.445872 0.629082
vt 0.445872 0.617798
vt 0.552172 0.617798
vt 0.500001 0.702716
vt 0.511753 0.702716
vt 0.491690 0.697183
vt 0.488248 0.702716
vt 0.508311 0.697183
vt 0.511753 0.702716
vt 0.499965 0.700642
vt 0.419829 0.702716
vt 0.445872 0.404737
vt 0.445872 0.425880
vt 0.445872 0.478840
vt 0.445872 0.484788
vt 0.445872 0.537747
vt 0.445872 0.543695
vt 0.445872 0.596654
vt 0.445872 0.602603
vt 0.445872 0.655562
vt 0.445872 0.661510
vt 0.445872 0.687990
vt 0.445826 0.702716
vt 0.445872 0.404737
vt 0.445826 0.697183
vt 0.552217 0.697183
vt 0.552172 0.676705
vt 0.445872 0.676705
vt 0.488248 0.702716
vt 0.445872 0.750339
vt 0.445872 0.739055
vt 0.552172 0.739055
vt 0.552172 0.750339
vt 0.552172 0.761624
vt 0.445872 0.761624
vt 0.488248 0.702717
vt 0.511753 0.702717
vt 0.511753 0.723860
vt 0.500001 0.735613
vt 0.488248 0.723860
vt 0.552172 0.856870
vt 0.445872 0.856870
vt 0.445872 0.868154
vt 0.445872 0.879439
vt 0.552172 0.879439
vt 0.552172 0.868154
vt 0.491690 0.739055
vt 0.488248 0.750339
vt 0.491690 0.797962
vt 0.488248 0.809247
vt 0.488248 0.782767
vt 0.491690 0.856870
vt 0.488248 0.868154
vt 0.488248 0.841675
vt 0.491690 0.915777
vt 0.488248 0.927062
vt 0.488248 0.900582
vt 0.491690 0.974684
vt 0.488248 0.985969
vt 0.488248 0.959489
vt 0.511753 0.750339
vt 0.508311 0.739055
vt 0.511753 0.809247
vt 0.508311 0.797962
vt 0.511753 0.782767
vt 0.511753 0.868154
vt 0.508311 0.856870
vt 0.511753 0.841675
vt 0.511753 0.927062
vt 0.508311 0.915777
vt 0.511753 0.900582
vt 0.500001 0.794520
vt 0.488248 0.776819
vt 0.491690 0.761624
vt 0.500001 0.765066
vt 0.508311 0.761624
vt 0.511753 0.776819
vt 0.511753 0.985969
vt 0.508311 0.974684
vt 0.511753 0.959489
vt 0.578214 1.000696
vt 0.552217 1.000696
vt 0.552172 0.985969
vt 0.552172 0.959489
vt 0.552172 0.953541
vt 0.552172 0.927062
vt 0.552172 0.900582
vt 0.552172 0.894634
vt 0.552172 0.841675
vt 0.552172 0.835726
vt 0.552172 0.809247
vt 0.552172 0.782767
vt 0.552172 0.776819
vt 0.552172 0.723860
vt 0.552172 0.702717
vt 0.578214 0.702717
vt 0.500001 0.853427
vt 0.488248 0.835726
vt 0.491690 0.820531
vt 0.500001 0.823974
vt 0.508311 0.820531
vt 0.511753 0.835726
vt 0.500001 0.912335
vt 0.488248 0.894634
vt 0.491690 0.879439
vt 0.500001 0.882881
vt 0.508311 0.879439
vt 0.511753 0.894634
vt 0.500001 0.971242
vt 0.488248 0.953541
vt 0.491690 0.938346
vt 0.500001 0.941788
vt 0.508311 0.938346
vt 0.511753 0.953541
vt 0.445872 0.797962
vt 0.445872 0.809247
vt 0.445872 0.820531
vt 0.552172 0.820531
vt 0.552172 0.797962
vt 0.552172 0.938346
vt 0.445872 0.938346
vt 0.445872 0.927062
vt 0.445872 0.915777
vt 0.552172 0.915777
vt 0.511753 0.702717
vt 0.500001 0.702717
vt 0.500001 1.000696
vt 0.511753 1.000696
vt 0.491690 0.995162
vt 0.488248 1.000696
vt 0.508311 0.995162
vt 0.511753 1.000696
vt 0.499965 0.998621
vt 0.419829 1.000696
vt 0.419829 0.702717
vt 0.445872 0.702717
vt 0.445872 0.723860
vt 0.445872 0.776819
vt 0.445872 0.782767
vt 0.445872 0.835726
vt 0.445872 0.841675
vt 0.445872 0.894634
vt 0.445872 0.900582
vt 0.445872 0.953541
vt 0.445872 0.959489
vt 0.445872 0.985969
vt 0.445826 1.000696
vt 0.445826 0.995162
vt 0.552217 0.995162
vt 0.552172 0.974684
vt 0.445872 0.974684
vt 0.488248 0.702717
vt 0.488248 1.000696
vt 0.552217 0.106758
vt 0.552172 0.065551
vt 0.552172 0.059603
vt 0.552172 0.006644
vt 0.552172 0.000696
vt 0.578214 0.000696
vt 0.430263 0.184628
vt 0.569737 0.184628
vt 0.569736 0.030101
vt 0.500000 0.000000
vt 0.430264 0.030101
vt 0.430263 0.815372
vt 0.430264 0.969899
vt 0.500000 1.000000
vt 0.569736 0.969899
vt 0.569737 0.815372
s 1
g Ladder_2_Old_metal_plate
usemtl Old_metal_plate
f 342/491/196 371/492/196 369/493/197 340/494/197
f 363/495/198 353/493/199 324/494/199 334/496/198
s 2
f 327/497/200 325/498/200 326/499/200
s 3
f 331/500/200 329/501/200 330/502/200
s 2
f 332/503/200 334/504/200 333/505/200
s 3
f 335/506/200 337/507/200 336/508/200
f 328/509/200 331/500/200 330/502/200 341/510/200 342/511/200 340/512/200 344/513/200 343/514/200 336/508/200 337/507/200
f 325/498/200 342/511/200 341/510/200
f 344/513/200 332/503/200 343/514/200
s 4
f 357/493/199 360/492/201 331/491/201 328/494/199
s 1
f 324/494/199 353/493/199 356/492/202 327/491/202
f 369/493/197 373/495/203 344/496/203 340/494/197
f 344/515/203 373/516/203 361/517/204 363/518/198 334/519/198 332/520/204
s 2
f 323/521/205 378/522/206 379/523/207 321/524/208
s 4
f 337/496/209 366/495/209 357/493/199 328/494/199
s 5
f 329/501/210 346/525/211 345/526/212
f 348/527/213 347/528/214 345/526/212 346/525/211 382/529/200
f 335/506/215 347/528/214 348/527/213
s 6
f 321/530/197 379/531/197 320/532/197 345/533/197 347/534/197
s 7
f 356/497/207 355/499/207 354/498/207
s 8
f 360/500/207 359/502/207 358/501/207
s 7
f 368/535/216 362/536/217 361/517/204 372/537/204 365/538/204 364/539/204 376/540/204 350/541/218 352/542/219
f 361/503/207 362/505/217 363/504/207
s 8
f 364/506/207 365/508/207 366/507/207
f 359/502/207 360/500/207 357/509/207 366/507/207 365/508/207 372/514/207 373/513/207 369/512/207 371/511/207 370/510/207
s 7
f 367/543/220 355/499/207 356/497/207 353/544/207 363/504/207 362/505/217 368/521/216
s 2
f 333/505/200 334/504/200 324/544/200 327/497/200 326/499/200 338/543/221 339/521/222
s 8
f 354/498/207 370/510/207 371/511/207
f 373/513/207 372/514/207 361/503/207
s 7
f 380/523/200 381/522/223 352/521/219 350/524/218
s 9
f 358/501/224 374/526/225 375/525/226
f 377/527/227 383/529/207 375/525/226 374/526/225 376/528/228
f 364/506/229 377/527/227 376/528/228
s 10
f 350/545/197 376/546/197 374/547/197 349/548/197 380/549/197
s 1
f 354/517/230 371/516/196 342/515/196 325/520/230 327/519/202 356/518/202
s 4
f 358/539/231 375/550/232 346/551/232 329/552/231 331/553/201 360/554/201
f 377/550/233 364/539/234 366/554/209 337/553/209 335/552/234 348/551/233
s 2
f 379/523/207 378/522/206 322/555/235 320/556/236
s 7
f 380/523/200 349/556/237 351/555/238 381/522/223
s 4
f 346/557/232 375/558/232 383/559/239 382/560/239
f 377/561/233 348/562/233 382/560/239 383/559/239
s 11
f 492/492/196 490/493/197 425/494/197 427/491/196
f 473/563/204 475/564/198 410/565/198 408/566/204 429/567/203 494/568/203
s 12
f 442/491/196 507/492/196 505/493/197 440/494/197
s 13
f 423/569/200 424/570/200 409/571/200 388/572/200 390/573/200
s 12
f 484/495/198 465/493/199 400/494/199 419/496/198
s 14
f 399/574/202 464/575/202 462/576/230 502/577/196 437/578/196 397/579/230
s 11
f 425/494/197 490/493/197 494/495/203 429/496/203
s 14
f 504/577/203 479/576/204 481/575/198 416/574/198 414/579/204 439/578/203
s 13
f 388/572/200 391/580/200 390/573/200
f 391/580/200 389/581/200 390/573/200
s 15
f 395/582/200 393/583/200 394/584/200
s 16
f 399/585/200 397/586/200 398/587/200
s 17
f 403/588/200 401/589/200 402/590/200
s 18
f 407/591/200 405/592/200 406/593/200
s 13
f 408/594/200 410/595/200 409/571/200
f 410/595/200 388/572/200 409/571/200
s 15
f 411/596/200 413/597/200 412/598/200
s 16
f 414/599/200 416/600/200 415/601/200
s 17
f 417/602/200 419/603/200 418/604/200
s 15
f 392/605/200 395/582/200 394/584/200 426/606/200 427/607/200 425/608/200 429/609/200 428/610/200 412/598/200 413/597/200
s 18
f 420/611/200 422/612/200 421/613/200
s 2
f 385/614/208 447/615/204 420/616/204 421/617/204 443/618/204 417/619/204 418/620/204 438/621/204 414/579/204 415/622/204 433/623/204 411/624/204 412/625/204 428/626/204 408/566/204 409/627/204 424/628/204 387/629/208
f 386/629/240 423/630/230 390/627/230 389/566/230 426/626/230 394/625/230 393/624/230 431/623/230 398/622/230 397/579/230 436/621/230 402/620/230 401/619/230 441/618/230 406/617/230 405/616/230 445/615/230 384/614/236
s 15
f 389/581/200 427/607/200 426/606/200
s 16
f 396/631/200 399/585/200 398/587/200 431/632/200 432/633/200 430/634/200 434/635/200 433/636/200 415/601/200 416/600/200
s 15
f 429/609/200 408/594/200 428/610/200
s 16
f 393/583/200 432/633/200 431/632/200
s 17
f 400/637/200 403/588/200 402/590/200 436/638/200 437/639/200 435/640/200 439/641/200 438/642/200 418/604/200 419/603/200
s 16
f 434/635/200 411/596/200 433/636/200
s 17
f 397/586/200 437/639/200 436/638/200
s 18
f 404/643/200 407/591/200 406/593/200 441/644/200 442/645/200 440/646/200 444/647/200 443/648/200 421/613/200 422/612/200
s 17
f 439/641/200 414/599/200 438/642/200
s 18
f 401/589/200 442/645/200 441/644/200
f 444/647/200 417/602/200 443/648/200
s 19
f 460/649/202 458/650/230 497/651/196 432/652/196 393/624/230 395/653/202
s 20
f 469/493/199 472/492/201 407/491/201 404/494/199
s 19
f 457/493/199 460/492/202 395/491/202 392/494/199
f 432/491/196 497/492/196 495/493/197 430/494/197
s 12
f 400/494/199 465/493/199 468/492/202 403/491/202
s 11
f 391/565/202 456/564/202 454/563/230 492/568/196 427/567/196 389/566/230
s 14
f 500/493/197 504/495/203 439/496/203 435/494/197
f 416/496/198 481/495/198 461/493/199 396/494/199
f 396/494/199 461/493/199 464/492/202 399/491/202
s 12
f 505/493/197 509/495/203 444/496/203 440/494/197
s 19
f 413/496/198 478/495/198 457/493/199 392/494/199
s 11
f 453/493/199 456/492/202 391/491/202 388/494/199
s 12
f 444/654/203 509/655/203 482/656/204 484/657/198 419/658/198 417/619/204
s 19
f 499/651/203 476/650/204 478/649/198 413/653/198 411/624/204 434/652/203
s 11
f 475/495/198 453/493/199 388/494/199 410/496/198
s 19
f 495/493/197 499/495/203 434/496/203 430/494/197
s 2
f 387/524/208 514/523/207 515/659/207 385/660/208
s 20
f 422/496/209 487/495/209 469/493/199 404/494/199
s 14
f 502/492/196 500/493/197 435/494/197 437/491/196
s 21
f 405/592/210 446/661/211 445/662/212
f 448/663/213 447/664/214 445/662/212 446/661/211 518/665/200
f 420/611/215 447/664/214 448/663/213
s 22
f 385/530/197 515/531/197 384/532/197 445/533/197 447/534/197
s 23
f 455/573/207 456/580/207 453/572/207 475/595/207 474/571/207 489/570/207 488/569/207
f 456/580/207 455/573/207 454/581/207
s 24
f 460/582/207 459/584/207 458/583/207
s 25
f 464/585/207 463/587/207 462/586/207
s 26
f 468/588/207 467/590/207 466/589/207
s 27
f 472/591/207 471/593/207 470/592/207
s 23
f 473/594/207 474/571/207 475/595/207
s 24
f 476/596/207 477/598/207 478/597/207
f 459/584/207 460/582/207 457/605/207 478/597/207 477/598/207 493/610/207 494/609/207 490/608/207 492/607/207 491/606/207
s 25
f 479/599/207 480/601/207 481/600/207
s 26
f 482/602/207 483/604/207 484/603/207
s 27
f 485/611/207 486/613/207 487/612/207
f 471/593/207 472/591/207 469/643/207 487/612/207 486/613/207 508/648/207 509/647/207 505/646/207 507/645/207 506/644/207
s 7
f 450/666/218 452/541/218 489/667/204 474/668/204 473/563/204 493/669/204 477/670/204 476/650/204 498/671/204 480/672/204 479/576/204 503/673/204 483/674/204 482/656/204 508/675/204 486/676/204 485/677/204 512/678/204
f 451/541/241 449/666/237 510/678/230 470/677/230 471/676/230 506/675/230 466/656/230 467/674/230 501/673/230 462/576/230 463/672/230 496/671/230 458/650/230 459/670/230 491/669/230 454/563/230 455/668/230 488/679/230
s 24
f 454/581/207 491/606/207 492/607/207
s 25
f 463/587/207 464/585/207 461/631/207 481/600/207 480/601/207 498/636/207 499/635/207 495/634/207 497/633/207 496/632/207
s 24
f 494/609/207 493/610/207 473/594/207
s 25
f 458/583/207 496/632/207 497/633/207
f 499/635/207 498/636/207 476/596/207
s 26
f 462/586/207 501/638/207 502/639/207
f 484/603/207 483/604/207 503/642/207 504/641/207 500/640/207 502/639/207 501/638/207 467/590/207 468/588/207 465/637/207
f 504/641/207 503/642/207 479/599/207
s 27
f 466/589/207 506/644/207 507/645/207
f 509/647/207 508/648/207 482/602/207
s 7
f 516/659/200 517/523/200 452/524/218 450/660/218
s 28
f 470/592/224 510/662/225 511/661/226
f 513/663/227 519/665/207 511/661/226 510/662/225 512/664/228
f 485/611/229 513/663/227 512/664/228
s 29
f 450/545/197 512/546/197 510/547/197 449/548/197 516/549/197
s 12
f 466/656/230 507/655/196 442/654/196 401/619/230 403/658/202 468/657/202
s 20
f 470/677/231 511/680/232 446/681/232 405/616/231 407/682/201 472/683/201
f 513/680/233 485/677/234 487/683/209 422/682/209 420/616/234 448/681/233
s 2
f 515/659/207 514/523/207 386/556/240 384/684/236
s 7
f 516/659/200 449/684/237 451/556/241 517/523/200
s 20
f 446/557/232 511/558/232 519/559/239 518/560/239
f 513/561/233 448/562/233 518/560/239 519/559/239
s 30
f 628/492/196 626/493/197 561/494/197 563/491/196
f 609/685/204 611/686/198 546/687/198 544/688/204 565/689/203 630/690/203
s 31
f 578/491/196 643/492/196 641/493/197 576/494/197
s 32
f 559/691/200 560/692/200 545/693/200 524/694/200 526/695/200
s 31
f 620/495/198 601/493/199 536/494/199 555/496/198
s 33
f 535/696/202 600/697/202 598/698/230 638/699/196 573/700/196 533/701/230
s 30
f 561/494/197 626/493/197 630/495/203 565/496/203
s 33
f 640/699/203 615/698/204 617/697/198 552/696/198 550/701/204 575/700/203
s 32
f 524/694/200 527/702/200 526/695/200
f 527/702/200 525/703/200 526/695/200
s 34
f 531/704/200 529/705/200 530/706/200
s 35
f 535/707/200 533/708/200 534/709/200
s 36
f 539/710/200 537/711/200 538/712/200
s 37
f 543/713/200 541/714/200 542/715/200
s 32
f 544/716/200 546/717/200 545/693/200
f 546/717/200 524/694/200 545/693/200
s 34
f 547/718/200 549/719/200 548/720/200
s 35
f 550/721/200 552/722/200 551/723/200
s 36
f 553/724/200 555/725/200 554/726/200
s 34
f 528/727/200 531/704/200 530/706/200 562/728/200 563/729/200 561/730/200 565/731/200 564/732/200 548/720/200 549/719/200
s 37
f 556/733/200 558/734/200 557/735/200
s 38
f 521/736/208 583/737/204 556/738/204 557/739/204 579/740/204 553/741/204 554/742/204 574/743/204 550/701/204 551/744/204 569/745/204 547/746/204 548/747/204 564/748/204 544/688/204 545/749/204 560/750/204 523/614/208
f 522/614/236 559/751/230 526/749/230 525/688/230 562/748/230 530/747/230 529/746/230 567/745/230 534/744/230 533/701/230 572/743/230 538/742/230 537/741/230 577/740/230 542/739/230 541/738/230 581/737/230 520/736/236
s 34
f 525/703/200 563/729/200 562/728/200
s 35
f 532/752/200 535/707/200 534/709/200 567/753/200 568/754/200 566/755/200 570/756/200 569/757/200 551/723/200 552/722/200
s 34
f 565/731/200 544/716/200 564/732/200
s 35
f 529/705/200 568/754/200 567/753/200
s 36
f 536/758/200 539/710/200 538/712/200 572/759/200 573/760/200 571/761/200 575/762/200 574/763/200 554/726/200 555/725/200
s 35
f 570/756/200 547/718/200 569/757/200
s 36
f 533/708/200 573/760/200 572/759/200
s 37
f 540/764/200 543/713/200 542/715/200 577/765/200 578/766/200 576/767/200 580/768/200 579/769/200 557/735/200 558/734/200
s 36
f 575/762/200 550/721/200 574/763/200
s 37
f 537/711/200 578/766/200 577/765/200
f 580/768/200 553/724/200 579/769/200
s 39
f 596/770/202 594/771/230 633/772/196 568/773/196 529/746/230 531/774/202
s 40
f 605/493/199 608/492/201 543/491/201 540/494/199
s 39
f 593/493/199 596/492/202 531/491/202 528/494/199
f 568/491/196 633/492/196 631/493/197 566/494/197
s 31
f 536/494/199 601/493/199 604/492/202 539/491/202
s 30
f 527/687/202 592/686/202 590/685/230 628/690/196 563/689/196 525/688/230
s 33
f 636/493/197 640/495/203 575/496/203 571/494/197
f 552/496/198 617/495/198 597/493/199 532/494/199
f 532/494/199 597/493/199 600/492/202 535/491/202
s 31
f 641/493/197 645/495/203 580/496/203 576/494/197
s 39
f 549/496/198 614/495/198 593/493/199 528/494/199
s 30
f 589/493/199 592/492/202 527/491/202 524/494/199
s 31
f 580/775/203 645/776/203 618/777/204 620/778/198 555/779/198 553/741/204
s 39
f 635/772/203 612/771/204 614/770/198 549/774/198 547/746/204 570/773/203
s 30
f 611/495/198 589/493/199 524/494/199 546/496/198
s 39
f 631/493/197 635/495/203 570/496/203 566/494/197
s 38
f 523/660/208 650/659/207 651/780/207 521/781/208
s 40
f 558/496/209 623/495/209 605/493/199 540/494/199
s 33
f 638/492/196 636/493/197 571/494/197 573/491/196
s 41
f 541/714/210 582/782/211 581/783/212
f 584/784/213 583/785/214 581/783/212 582/782/211 654/786/200
f 556/733/215 583/785/214 584/784/213
s 42
f 521/530/197 651/531/197 520/532/197 581/533/197 583/534/197
s 43
f 591/695/207 592/702/207 589/694/207 611/717/207 610/693/207 625/692/207 624/691/207
f 592/702/207 591/695/207 590/703/207
s 44
f 596/704/207 595/706/207 594/705/207
s 45
f 600/707/207 599/709/207 598/708/207
s 46
f 604/710/207 603/712/207 602/711/207
s 47
f 608/713/207 607/715/207 606/714/207
s 43
f 609/716/207 610/693/207 611/717/207
s 44
f 612/718/207 613/720/207 614/719/207
f 595/706/207 596/704/207 593/727/207 614/719/207 613/720/207 629/732/207 630/731/207 626/730/207 628/729/207 627/728/207
s 45
f 615/721/207 616/723/207 617/722/207
s 46
f 618/724/207 619/726/207 620/725/207
s 47
f 621/733/207 622/735/207 623/734/207
f 607/715/207 608/713/207 605/764/207 623/734/207 622/735/207 644/769/207 645/768/207 641/767/207 643/766/207 642/765/207
s 48
f 586/787/218 588/666/218 625/788/204 610/789/204 609/685/204 629/790/204 613/791/204 612/771/204 634/792/204 616/793/204 615/698/204 639/794/204 619/795/204 618/777/204 644/796/204 622/797/204 621/798/204 648/799/204
f 587/666/237 585/787/237 646/799/230 606/798/230 607/797/230 642/796/230 602/777/230 603/795/230 637/794/230 598/698/230 599/793/230 632/792/230 594/771/230 595/791/230 627/790/230 590/685/230 591/789/230 624/800/230
s 44
f 590/703/207 627/728/207 628/729/207
s 45
f 599/709/207 600/707/207 597/752/207 617/722/207 616/723/207 634/757/207 635/756/207 631/755/207 633/754/207 632/753/207
s 44
f 630/731/207 629/732/207 609/716/207
s 45
f 594/705/207 632/753/207 633/754/207
f 635/756/207 634/757/207 612/718/207
s 46
f 598/708/207 637/759/207 638/760/207
f 620/725/207 619/726/207 639/763/207 640/762/207 636/761/207 638/760/207 637/759/207 603/712/207 604/710/207 601/758/207
f 640/762/207 639/763/207 615/721/207
s 47
f 602/711/207 642/765/207 643/766/207
f 645/768/207 644/769/207 618/724/207
s 48
f 652/780/200 653/659/200 588/660/218 586/781/218
s 49
f 606/714/224 646/783/225 647/782/226
f 649/784/227 655/786/207 647/782/226 646/783/225 648/785/228
f 621/733/229 649/784/227 648/785/228
s 50
f 586/545/197 648/546/197 646/547/197 585/548/197 652/549/197
s 31
f 602/777/230 643/776/196 578/775/196 537/741/230 539/779/202 604/778/202
s 40
f 606/798/231 647/801/232 582/802/232 541/738/231 543/803/201 608/804/201
f 649/801/233 621/798/234 623/804/209 558/803/209 556/738/234 584/802/233
s 38
f 651/780/207 650/659/207 522/684/236 520/805/236
s 48
f 652/780/200 585/805/237 587/684/237 653/659/200
s 40
f 582/557/232 647/558/232 655/559/239 654/560/239
f 649/561/233 584/562/233 654/560/239 655/559/239
s 51
f 764/492/196 762/493/197 697/494/197 699/491/196
f 745/806/204 747/807/198 682/808/198 680/809/204 701/810/203 766/811/203
s 52
f 714/491/196 779/492/196 777/493/197 712/494/197
s 53
f 695/812/200 696/813/200 681/814/200 660/815/200 662/816/200
s 52
f 756/495/198 737/493/199 672/494/199 691/496/198
s 54
f 671/817/202 736/818/202 734/819/230 774/820/196 709/821/196 669/822/230
s 51
f 697/494/197 762/493/197 766/495/203 701/496/203
s 54
f 776/820/203 751/819/204 753/818/198 688/817/198 686/822/204 711/821/203
s 53
f 660/815/200 663/823/200 662/816/200
f 663/823/200 661/824/200 662/816/200
s 55
f 667/825/200 665/826/200 666/827/200
s 56
f 671/828/200 669/829/200 670/830/200
s 57
f 675/831/200 673/832/200 674/833/200
s 58
f 679/834/200 677/835/200 678/836/200
s 53
f 680/837/200 682/838/200 681/814/200
f 682/838/200 660/815/200 681/814/200
s 55
f 683/839/200 685/840/200 684/841/200
s 56
f 686/842/200 688/843/200 687/844/200
s 57
f 689/845/200 691/846/200 690/847/200
s 55
f 664/848/200 667/825/200 666/827/200 698/849/200 699/850/200 697/851/200 701/852/200 700/853/200 684/841/200 685/840/200
s 58
f 692/854/200 694/855/200 693/856/200
s 59
f 657/857/208 719/858/204 692/859/204 693/860/204 715/861/204 689/862/204 690/863/204 710/864/204 686/822/204 687/865/204 705/866/204 683/867/204 684/868/204 700/869/204 680/809/204 681/870/204 696/871/204 659/872/208
f 658/872/236 695/871/230 662/870/230 661/809/230 698/869/230 666/868/230 665/867/230 703/866/230 670/865/230 669/822/230 708/864/230 674/863/230 673/862/230 713/861/230 678/860/230 677/859/230 717/858/230 656/857/236
s 55
f 661/824/200 699/850/200 698/849/200
s 56
f 668/873/200 671/828/200 670/830/200 703/874/200 704/875/200 702/876/200 706/877/200 705/878/200 687/844/200 688/843/200
s 55
f 701/852/200 680/837/200 700/853/200
s 56
f 665/826/200 704/875/200 703/874/200
s 57
f 672/879/200 675/831/200 674/833/200 708/880/200 709/881/200 707/882/200 711/883/200 710/884/200 690/847/200 691/846/200
s 56
f 706/877/200 683/839/200 705/878/200
s 57
f 669/829/200 709/881/200 708/880/200
s 58
f 676/885/200 679/834/200 678/836/200 713/886/200 714/887/200 712/888/200 716/889/200 715/890/200 693/856/200 694/855/200
s 57
f 711/883/200 686/842/200 710/884/200
s 58
f 673/832/200 714/887/200 713/886/200
f 716/889/200 689/845/200 715/890/200
s 60
f 732/891/202 730/892/230 769/893/196 704/894/196 665/867/230 667/895/202
s 61
f 741/493/199 744/492/201 679/491/201 676/494/199
s 60
f 729/493/199 732/492/202 667/491/202 664/494/199
f 704/491/196 769/492/196 767/493/197 702/494/197
s 52
f 672/494/199 737/493/199 740/492/202 675/491/202
s 51
f 663/808/202 728/807/202 726/806/230 764/811/196 699/810/196 661/809/230
s 54
f 772/493/197 776/495/203 711/496/203 707/494/197
f 688/496/198 753/495/198 733/493/199 668/494/199
f 668/494/199 733/493/199 736/492/202 671/491/202
s 52
f 777/493/197 781/495/203 716/496/203 712/494/197
s 60
f 685/496/198 750/495/198 729/493/199 664/494/199
s 51
f 725/493/199 728/492/202 663/491/202 660/494/199
s 52
f 716/896/203 781/897/203 754/898/204 756/899/198 691/900/198 689/862/204
s 60
f 771/893/203 748/892/204 750/891/198 685/895/198 683/867/204 706/894/203
s 51
f 747/495/198 725/493/199 660/494/199 682/496/198
s 60
f 767/493/197 771/495/203 706/496/203 702/494/197
s 59
f 659/901/208 786/902/207 787/903/207 657/904/208
s 61
f 694/496/209 759/495/209 741/493/199 676/494/199
s 54
f 774/492/196 772/493/197 707/494/197 709/491/196
s 62
f 677/835/210 718/905/211 717/906/212
f 720/907/213 719/908/214 717/906/212 718/905/211 790/909/200
f 692/854/215 719/908/214 720/907/213
s 63
f 657/530/197 787/531/197 656/532/197 717/533/197 719/534/197
s 64
f 727/816/207 728/823/207 725/815/207 747/838/207 746/814/207 761/813/207 760/812/207
f 728/823/207 727/816/207 726/824/207
s 65
f 732/825/207 731/827/207 730/826/207
s 66
f 736/828/207 735/830/207 734/829/207
s 67
f 740/831/207 739/833/207 738/832/207
s 68
f 744/834/207 743/836/207 742/835/207
s 64
f 745/837/207 746/814/207 747/838/207
s 65
f 748/839/207 749/841/207 750/840/207
f 731/827/207 732/825/207 729/848/207 750/840/207 749/841/207 765/853/207 766/852/207 762/851/207 764/850/207 763/849/207
s 66
f 751/842/207 752/844/207 753/843/207
s 67
f 754/845/207 755/847/207 756/846/207
s 68
f 757/854/207 758/856/207 759/855/207
f 743/836/207 744/834/207 741/885/207 759/855/207 758/856/207 780/890/207 781/889/207 777/888/207 779/887/207 778/886/207
s 69
f 722/910/218 724/911/218 761/912/204 746/913/204 745/806/204 765/914/204 749/915/204 748/892/204 770/916/204 752/917/204 751/819/204 775/918/204 755/919/204 754/898/204 780/920/204 758/921/204 757/922/204 784/923/204
f 723/911/237 721/910/237 782/923/230 742/922/230 743/921/230 778/920/230 738/898/230 739/919/230 773/918/230 734/819/230 735/917/230 768/916/230 730/892/230 731/915/230 763/914/230 726/806/230 727/913/230 760/912/230
s 65
f 726/824/207 763/849/207 764/850/207
s 66
f 735/830/207 736/828/207 733/873/207 753/843/207 752/844/207 770/878/207 771/877/207 767/876/207 769/875/207 768/874/207
s 65
f 766/852/207 765/853/207 745/837/207
s 66
f 730/826/207 768/874/207 769/875/207
f 771/877/207 770/878/207 748/839/207
s 67
f 734/829/207 773/880/207 774/881/207
f 756/846/207 755/847/207 775/884/207 776/883/207 772/882/207 774/881/207 773/880/207 739/833/207 740/831/207 737/879/207
f 776/883/207 775/884/207 751/842/207
s 68
f 738/832/207 778/886/207 779/887/207
f 781/889/207 780/890/207 754/845/207
s 69
f 788/903/200 789/902/200 724/901/218 722/904/218
s 70
f 742/835/224 782/906/225 783/905/226
f 785/907/227 791/909/207 783/905/226 782/906/225 784/908/228
f 757/854/229 785/907/227 784/908/228
s 71
f 722/545/197 784/546/197 782/547/197 721/548/197 788/549/197
s 52
f 738/898/230 779/897/196 714/896/196 673/862/230 675/900/202 740/899/202
s 61
f 742/922/231 783/924/232 718/925/232 677/859/231 679/926/201 744/927/201
f 785/924/233 757/922/234 759/927/209 694/926/209 692/859/234 720/925/233
s 59
f 787/903/207 786/902/207 658/928/236 656/929/236
s 69
f 788/903/200 721/929/237 723/928/237 789/902/200
s 61
f 718/557/232 783/558/232 791/559/239 790/560/239
f 785/561/233 720/562/233 790/560/239 791/559/239
s 2
f 321/629/208 347/930/204 335/552/204 336/931/204 343/932/204 332/520/204 333/933/204 339/934/222 323/935/205
f 320/629/236 322/935/235 338/934/221 326/933/230 325/520/230 341/932/230 330/931/230 329/552/230 345/930/230 423/630/230 386/629/240
s 7
f 367/535/220 351/542/238 349/541/237 451/541/241 488/679/230 374/540/230 358/539/230 359/538/230 370/537/230 354/517/230 355/536/230
f 367/936/220 368/937/216 352/938/219 381/939/223 351/940/238
s 2
f 338/941/221 322/942/235 378/943/206 323/944/205 339/945/222
g Ladder_1_Vert.016
v -68.064735 1.974125 -16.787767
v -67.875259 1.974125 -16.787767
v -68.064735 1.119161 -16.787767
v -67.875259 1.119161 -16.787767
v -67.970001 1.261848 -16.577839
v -68.064735 1.380561 -16.577839
v -68.064735 1.167110 -16.577839
v -68.036987 1.289596 -16.577839
v -67.970001 1.736699 -16.577839
v -68.064735 1.855412 -16.577839
v -68.064735 1.641961 -16.577839
v -68.036987 1.764448 -16.577839
v -67.875259 1.380561 -16.577839
v -67.875259 1.167110 -16.577839
v -67.903008 1.289596 -16.577839
v -67.875259 1.855412 -16.577839
v -67.875259 1.641961 -16.577839
v -67.903008 1.764448 -16.577839
v -68.064735 1.119161 -16.577839
v -67.875259 1.119161 -16.577839
v -67.970001 1.499274 -16.577839
v -68.064735 1.594012 -16.577839
v -68.036987 1.471526 -16.577839
v -67.875259 1.594012 -16.577839
v -67.903008 1.471526 -16.577839
v -68.064735 1.974125 -16.578205
v -68.036987 1.929517 -16.578205
v -67.875259 1.974125 -16.578205
v -67.903008 1.929517 -16.578205
v -68.064735 1.974125 -15.511031
v -67.875259 1.974125 -15.511031
v -68.064735 1.119161 -15.511031
v -67.875259 1.119161 -15.511031
v -67.970001 1.261848 -15.720959
v -68.064735 1.380561 -15.720959
v -68.064735 1.167110 -15.720959
v -68.036987 1.289596 -15.720959
v -67.970001 1.736699 -15.720959
v -68.064735 1.855412 -15.720959
v -68.064735 1.641961 -15.720959
v -68.036987 1.764448 -15.720959
v -67.875259 1.380561 -15.720959
v -67.875259 1.167110 -15.720959
v -67.903008 1.289596 -15.720959
v -67.875259 1.855412 -15.720959
v -67.875259 1.641961 -15.720959
v -67.903008 1.764448 -15.720959
v -68.064735 1.119161 -15.720959
v -67.875259 1.119161 -15.720959
v -67.970001 1.499274 -15.720959
v -68.064735 1.594012 -15.720959
v -68.036987 1.471526 -15.720959
v -67.875259 1.594012 -15.720959
v -67.903008 1.471526 -15.720959
v -68.064735 1.974125 -15.720592
v -68.036987 1.929517 -15.720592
v -67.875259 1.974125 -15.720592
v -67.903008 1.929517 -15.720592
v -67.970001 1.119161 -16.828661
v -67.970001 1.974125 -16.828661
v -67.970001 1.974125 -15.470138
v -67.970001 1.119161 -15.470138
v -67.970284 1.957402 -16.578205
v -67.970284 1.957402 -15.720592
v -68.064735 4.376130 -16.787767
v -67.875259 4.376130 -16.787767
v -68.064735 1.974125 -16.787767
v -67.875259 1.974125 -16.787767
v -67.970001 2.239299 -16.577839
v -68.064735 2.358012 -16.577839
v -68.064735 2.144561 -16.577839
v -68.036987 2.267047 -16.577839
v -67.970001 2.714150 -16.577839
v -68.064735 2.832863 -16.577839
v -68.064735 2.619412 -16.577839
v -68.036987 2.741899 -16.577839
v -67.970001 3.189002 -16.577839
v -68.064735 3.307715 -16.577839
v -68.064735 3.094264 -16.577839
v -68.036987 3.216750 -16.577839
v -67.970001 3.663853 -16.577839
v -68.064735 3.782566 -16.577839
v -68.064735 3.569115 -16.577839
v -68.036987 3.691601 -16.577839
v -67.970001 4.138704 -16.577839
v -68.064735 4.257417 -16.577839
v -68.064735 4.043966 -16.577839
v -68.036987 4.166452 -16.577839
v -67.875259 2.358012 -16.577839
v -67.875259 2.144561 -16.577839
v -67.903008 2.267047 -16.577839
v -67.875259 2.832863 -16.577839
v -67.875259 2.619412 -16.577839
v -67.903008 2.741899 -16.577839
v -67.875259 3.307715 -16.577839
v -67.875259 3.094264 -16.577839
v -67.903008 3.216750 -16.577839
v -67.875259 3.782566 -16.577839
v -67.875259 3.569115 -16.577839
v -67.903008 3.691601 -16.577839
v -67.875259 4.257417 -16.577839
v -67.875259 4.043966 -16.577839
v -67.903008 4.166452 -16.577839
v -68.064743 1.974125 -16.577839
v -67.875259 1.974125 -16.577839
v -67.970001 2.476725 -16.577839
v -68.064735 2.571463 -16.577839
v -68.036987 2.448976 -16.577839
v -67.875259 2.571463 -16.577839
v -67.903008 2.448976 -16.577839
v -67.970001 2.951576 -16.577839
v -68.064735 3.046314 -16.577839
v -68.036987 2.923828 -16.577839
v -67.875259 3.046314 -16.577839
v -67.903008 2.923828 -16.577839
v -67.970001 3.426428 -16.577839
v -68.064735 3.521166 -16.577839
v -68.036987 3.398679 -16.577839
v -67.875259 3.521166 -16.577839
v -67.903008 3.398679 -16.577839
v -67.970001 3.901279 -16.577839
v -68.064735 3.996017 -16.577839
v -68.036987 3.873531 -16.577839
v -67.875259 3.996017 -16.577839
v -67.903008 3.873531 -16.577839
v -68.064735 4.376130 -16.578205
v -68.036987 4.331522 -16.578205
v -67.875259 4.376130 -16.578205
v -67.903008 4.331522 -16.578205
v -68.064735 4.376130 -15.511031
v -67.875259 4.376130 -15.511031
v -68.064735 1.974125 -15.511031
v -67.875259 1.974125 -15.511031
v -67.970001 2.239299 -15.720959
v -68.064735 2.358012 -15.720959
v -68.064735 2.144561 -15.720959
v -68.036987 2.267047 -15.720959
v -67.970001 2.714150 -15.720959
v -68.064735 2.832863 -15.720959
v -68.064735 2.619412 -15.720959
v -68.036987 2.741899 -15.720959
v -67.970001 3.189002 -15.720959
v -68.064735 3.307715 -15.720959
v -68.064735 3.094264 -15.720959
v -68.036987 3.216750 -15.720959
v -67.970001 3.663853 -15.720959
v -68.064735 3.782566 -15.720959
v -68.064735 3.569115 -15.720959
v -68.036987 3.691601 -15.720959
v -67.970001 4.138704 -15.720959
v -68.064735 4.257417 -15.720959
v -68.064735 4.043966 -15.720959
v -68.036987 4.166452 -15.720959
v -67.875259 2.358012 -15.720959
v -67.875259 2.144561 -15.720959
v -67.903008 2.267047 -15.720959
v -67.875259 2.832863 -15.720959
v -67.875259 2.619412 -15.720959
v -67.903008 2.741899 -15.720959
v -67.875259 3.307715 -15.720959
v -67.875259 3.094264 -15.720959
v -67.903008 3.216750 -15.720959
v -67.875259 3.782566 -15.720959
v -67.875259 3.569115 -15.720959
v -67.903008 3.691601 -15.720959
v -67.875259 4.257417 -15.720959
v -67.875259 4.043966 -15.720959
v -67.903008 4.166452 -15.720959
v -68.064743 1.974125 -15.720959
v -67.875259 1.974125 -15.720959
v -67.970001 2.476725 -15.720959
v -68.064735 2.571463 -15.720959
v -68.036987 2.448976 -15.720959
v -67.875259 2.571463 -15.720959
v -67.903008 2.448976 -15.720959
v -67.970001 2.951576 -15.720959
v -68.064735 3.046314 -15.720959
v -68.036987 2.923828 -15.720959
v -67.875259 3.046314 -15.720959
v -67.903008 2.923828 -15.720959
v -67.970001 3.426428 -15.720959
v -68.064735 3.521166 -15.720959
v -68.036987 3.398679 -15.720959
v -67.875259 3.521166 -15.720959
v -67.903008 3.398679 -15.720959
v -67.970001 3.901279 -15.720959
v -68.064735 3.996017 -15.720959
v -68.036987 3.873531 -15.720959
v -67.875259 3.996017 -15.720959
v -67.903008 3.873531 -15.720959
v -68.064735 4.376130 -15.720592
v -68.036987 4.331522 -15.720592
v -67.875259 4.376130 -15.720592
v -67.903008 4.331522 -15.720592
v -67.970001 1.974125 -16.828661
v -67.970001 4.376130 -16.828661
v -67.970001 4.376130 -15.470138
v -67.970001 1.974125 -15.470138
v -67.970284 4.359407 -16.578205
v -67.970284 4.359407 -15.720592
v -68.064735 6.778135 -16.787767
v -67.875259 6.778135 -16.787767
v -68.064735 4.376130 -16.787767
v -67.875259 4.376130 -16.787767
v -67.970001 4.641304 -16.577839
v -68.064735 4.760016 -16.577839
v -68.064735 4.546566 -16.577839
v -68.036987 4.669052 -16.577839
v -67.970001 5.116156 -16.577839
v -68.064735 5.234868 -16.577839
v -68.064735 5.021417 -16.577839
v -68.036987 5.143903 -16.577839
v -67.970001 5.591006 -16.577839
v -68.064735 5.709720 -16.577839
v -68.064735 5.496268 -16.577839
v -68.036987 5.618755 -16.577839
v -67.970001 6.065858 -16.577839
v -68.064735 6.184571 -16.577839
v -68.064735 5.971120 -16.577839
v -68.036987 6.093606 -16.577839
v -67.970001 6.540709 -16.577839
v -68.064735 6.659422 -16.577839
v -68.064735 6.445971 -16.577839
v -68.036987 6.568458 -16.577839
v -67.875259 4.760016 -16.577839
v -67.875259 4.546566 -16.577839
v -67.903008 4.669052 -16.577839
v -67.875259 5.234868 -16.577839
v -67.875259 5.021417 -16.577839
v -67.903008 5.143903 -16.577839
v -67.875259 5.709720 -16.577839
v -67.875259 5.496268 -16.577839
v -67.903008 5.618755 -16.577839
v -67.875259 6.184571 -16.577839
v -67.875259 5.971120 -16.577839
v -67.903008 6.093606 -16.577839
v -67.875259 6.659422 -16.577839
v -67.875259 6.445971 -16.577839
v -67.903008 6.568458 -16.577839
v -68.064743 4.376130 -16.577839
v -67.875259 4.376130 -16.577839
v -67.970001 4.878729 -16.577839
v -68.064735 4.973468 -16.577839
v -68.036987 4.850982 -16.577839
v -67.875259 4.973468 -16.577839
v -67.903008 4.850982 -16.577839
v -67.970001 5.353581 -16.577839
v -68.064735 5.448319 -16.577839
v -68.036987 5.325832 -16.577839
v -67.875259 5.448319 -16.577839
v -67.903008 5.325832 -16.577839
v -67.970001 5.828433 -16.577839
v -68.064735 5.923171 -16.577839
v -68.036987 5.800684 -16.577839
v -67.875259 5.923171 -16.577839
v -67.903008 5.800684 -16.577839
v -67.970001 6.303284 -16.577839
v -68.064735 6.398022 -16.577839
v -68.036987 6.275536 -16.577839
v -67.875259 6.398022 -16.577839
v -67.903008 6.275536 -16.577839
v -68.064735 6.778135 -16.578205
v -68.036987 6.733526 -16.578205
v -67.875259 6.778135 -16.578205
v -67.903008 6.733526 -16.578205
v -68.064735 6.778135 -15.511031
v -67.875259 6.778135 -15.511031
v -68.064735 4.376130 -15.511031
v -67.875259 4.376130 -15.511031
v -67.970001 4.641304 -15.720959
v -68.064735 4.760016 -15.720959
v -68.064735 4.546566 -15.720959
v -68.036987 4.669052 -15.720959
v -67.970001 5.116156 -15.720959
v -68.064735 5.234868 -15.720959
v -68.064735 5.021417 -15.720959
v -68.036987 5.143903 -15.720959
v -67.970001 5.591006 -15.720959
v -68.064735 5.709720 -15.720959
v -68.064735 5.496268 -15.720959
v -68.036987 5.618755 -15.720959
v -67.970001 6.065858 -15.720959
v -68.064735 6.184571 -15.720959
v -68.064735 5.971120 -15.720959
v -68.036987 6.093606 -15.720959
v -67.970001 6.540709 -15.720959
v -68.064735 6.659422 -15.720959
v -68.064735 6.445971 -15.720959
v -68.036987 6.568458 -15.720959
v -67.875259 4.760016 -15.720959
v -67.875259 4.546566 -15.720959
v -67.903008 4.669052 -15.720959
v -67.875259 5.234868 -15.720959
v -67.875259 5.021417 -15.720959
v -67.903008 5.143903 -15.720959
v -67.875259 5.709720 -15.720959
v -67.875259 5.496268 -15.720959
v -67.903008 5.618755 -15.720959
v -67.875259 6.184571 -15.720959
v -67.875259 5.971120 -15.720959
v -67.903008 6.093606 -15.720959
v -67.875259 6.659422 -15.720959
v -67.875259 6.445971 -15.720959
v -67.903008 6.568458 -15.720959
v -68.064743 4.376130 -15.720959
v -67.875259 4.376130 -15.720959
v -67.970001 4.878729 -15.720959
v -68.064735 4.973468 -15.720959
v -68.036987 4.850982 -15.720959
v -67.875259 4.973468 -15.720959
v -67.903008 4.850982 -15.720959
v -67.970001 5.353581 -15.720959
v -68.064735 5.448319 -15.720959
v -68.036987 5.325832 -15.720959
v -67.875259 5.448319 -15.720959
v -67.903008 5.325832 -15.720959
v -67.970001 5.828433 -15.720959
v -68.064735 5.923171 -15.720959
v -68.036987 5.800684 -15.720959
v -67.875259 5.923171 -15.720959
v -67.903008 5.800684 -15.720959
v -67.970001 6.303284 -15.720959
v -68.064735 6.398022 -15.720959
v -68.036987 6.275536 -15.720959
v -67.875259 6.398022 -15.720959
v -67.903008 6.275536 -15.720959
v -68.064735 6.778135 -15.720592
v -68.036987 6.733526 -15.720592
v -67.875259 6.778135 -15.720592
v -67.903008 6.733526 -15.720592
v -67.970001 4.376130 -16.828661
v -67.970001 6.778135 -16.828661
v -67.970001 6.778135 -15.470138
v -67.970001 4.376130 -15.470138
v -67.970284 6.761412 -16.578205
v -67.970284 6.761412 -15.720592
v -68.064735 9.180140 -16.787767
v -67.875259 9.180140 -16.787767
v -68.064735 6.778135 -16.787767
v -67.875259 6.778135 -16.787767
v -67.970001 7.043309 -16.577839
v -68.064735 7.162022 -16.577839
v -68.064735 6.948571 -16.577839
v -68.036987 7.071057 -16.577839
v -67.970001 7.518160 -16.577839
v -68.064735 7.636874 -16.577839
v -68.064735 7.423422 -16.577839
v -68.036987 7.545909 -16.577839
v -67.970001 7.993012 -16.577839
v -68.064735 8.111725 -16.577839
v -68.064735 7.898274 -16.577839
v -68.036987 8.020760 -16.577839
v -67.970001 8.467863 -16.577839
v -68.064735 8.586576 -16.577839
v -68.064735 8.373125 -16.577839
v -68.036987 8.495611 -16.577839
v -67.970001 8.942715 -16.577839
v -68.064735 9.061428 -16.577839
v -68.064735 8.847977 -16.577839
v -68.036987 8.970463 -16.577839
v -67.875259 7.162022 -16.577839
v -67.875259 6.948571 -16.577839
v -67.903008 7.071057 -16.577839
v -67.875259 7.636874 -16.577839
v -67.875259 7.423422 -16.577839
v -67.903008 7.545909 -16.577839
v -67.875259 8.111725 -16.577839
v -67.875259 7.898274 -16.577839
v -67.903008 8.020760 -16.577839
v -67.875259 8.586576 -16.577839
v -67.875259 8.373125 -16.577839
v -67.903008 8.495611 -16.577839
v -67.875259 9.061428 -16.577839
v -67.875259 8.847977 -16.577839
v -67.903008 8.970463 -16.577839
v -68.064743 6.778135 -16.577839
v -67.875259 6.778135 -16.577839
v -67.970001 7.280735 -16.577839
v -68.064735 7.375473 -16.577839
v -68.036987 7.252986 -16.577839
v -67.875259 7.375473 -16.577839
v -67.903008 7.252986 -16.577839
v -67.970001 7.755586 -16.577839
v -68.064735 7.850324 -16.577839
v -68.036987 7.727838 -16.577839
v -67.875259 7.850324 -16.577839
v -67.903008 7.727838 -16.577839
v -67.970001 8.230438 -16.577839
v -68.064735 8.325176 -16.577839
v -68.036987 8.202690 -16.577839
v -67.875259 8.325176 -16.577839
v -67.903008 8.202690 -16.577839
v -67.970001 8.705290 -16.577839
v -68.064735 8.800028 -16.577839
v -68.036987 8.677542 -16.577839
v -67.875259 8.800028 -16.577839
v -67.903008 8.677542 -16.577839
v -68.064735 9.180140 -16.578205
v -68.036987 9.135532 -16.578205
v -67.875259 9.180140 -16.578205
v -67.903008 9.135532 -16.578205
v -68.064735 9.180140 -15.511031
v -67.875259 9.180140 -15.511031
v -68.064735 6.778135 -15.511031
v -67.875259 6.778135 -15.511031
v -67.970001 7.043309 -15.720959
v -68.064735 7.162022 -15.720959
v -68.064735 6.948571 -15.720959
v -68.036987 7.071057 -15.720959
v -67.970001 7.518160 -15.720959
v -68.064735 7.636874 -15.720959
v -68.064735 7.423422 -15.720959
v -68.036987 7.545909 -15.720959
v -67.970001 7.993012 -15.720959
v -68.064735 8.111725 -15.720959
v -68.064735 7.898274 -15.720959
v -68.036987 8.020760 -15.720959
v -67.970001 8.467863 -15.720959
v -68.064735 8.586576 -15.720959
v -68.064735 8.373125 -15.720959
v -68.036987 8.495611 -15.720959
v -67.970001 8.942715 -15.720959
v -68.064735 9.061428 -15.720959
v -68.064735 8.847977 -15.720959
v -68.036987 8.970463 -15.720959
v -67.875259 7.162022 -15.720959
v -67.875259 6.948571 -15.720959
v -67.903008 7.071057 -15.720959
v -67.875259 7.636874 -15.720959
v -67.875259 7.423422 -15.720959
v -67.903008 7.545909 -15.720959
v -67.875259 8.111725 -15.720959
v -67.875259 7.898274 -15.720959
v -67.903008 8.020760 -15.720959
v -67.875259 8.586576 -15.720959
v -67.875259 8.373125 -15.720959
v -67.903008 8.495611 -15.720959
v -67.875259 9.061428 -15.720959
v -67.875259 8.847977 -15.720959
v -67.903008 8.970463 -15.720959
v -68.064743 6.778135 -15.720959
v -67.875259 6.778135 -15.720959
v -67.970001 7.280735 -15.720959
v -68.064735 7.375473 -15.720959
v -68.036987 7.252986 -15.720959
v -67.875259 7.375473 -15.720959
v -67.903008 7.252986 -15.720959
v -67.970001 7.755586 -15.720959
v -68.064735 7.850324 -15.720959
v -68.036987 7.727838 -15.720959
v -67.875259 7.850324 -15.720959
v -67.903008 7.727838 -15.720959
v -67.970001 8.230438 -15.720959
v -68.064735 8.325176 -15.720959
v -68.036987 8.202690 -15.720959
v -67.875259 8.325176 -15.720959
v -67.903008 8.202690 -15.720959
v -67.970001 8.705290 -15.720959
v -68.064735 8.800028 -15.720959
v -68.036987 8.677542 -15.720959
v -67.875259 8.800028 -15.720959
v -67.903008 8.677542 -15.720959
v -68.064735 9.180140 -15.720592
v -68.036987 9.135532 -15.720592
v -67.875259 9.180140 -15.720592
v -67.903008 9.135532 -15.720592
v -67.970001 6.778135 -16.828661
v -67.970001 9.180140 -16.828661
v -67.970001 9.180140 -15.470138
v -67.970001 6.778135 -15.470138
v -67.970284 9.163418 -16.578205
v -67.970284 9.163418 -15.720592
vn -0.8315 0.5556 -0.0000
vn -0.0000 1.0000 -0.0000
vn 0.8315 -0.5556 -0.0000
vn -0.0000 -1.0000 -0.0000
vn -0.0000 -0.0000 1.0000
vn -0.8315 -0.5555 -0.0000
vn -0.8315 -0.5556 -0.0000
vn 0.8315 0.5556 -0.0000
vn 1.0000 -0.0000 -0.0000
vn 0.6673 -0.6019 -0.4388
vn -0.0000 -0.6278 -0.7783
vn -0.0000 -0.0000 -1.0000
vn 0.8356 -0.0000 -0.5494
vn 0.8315 -0.5555 -0.0000
vn 0.0050 0.0031 1.0000
vn 0.0028 0.0017 1.0000
vn 0.0018 0.0011 1.0000
vn -0.0028 0.0017 1.0000
vn -0.0018 0.0011 1.0000
vn -0.0050 0.0031 1.0000
vn 0.5774 -0.5774 -0.5773
vn 0.7071 -0.0000 -0.7071
vn 0.8356 -0.0000 0.5494
vn 0.6673 -0.6019 0.4388
vn -0.5774 -0.5774 -0.5773
vn -0.5774 -0.5774 0.5773
vn 0.5774 -0.5774 0.5773
vn -0.0000 -0.6278 0.7783
vn 0.0050 0.0031 -1.0000
vn 0.0018 0.0011 -1.0000
vn 0.0028 0.0017 -1.0000
vn -0.0028 0.0017 -1.0000
vn -0.0018 0.0011 -1.0000
vn -0.0050 0.0031 -1.0000
vn -1.0000 -0.0000 -0.0000
vn -1.0000 0.0001 -0.0000
vn -0.8318 0.5551 -0.0000
vn 0.8310 0.5563 -0.0000
vn 1.0000 0.0001 -0.0000
vn -0.6673 -0.6019 -0.4388
vn -0.8356 -0.0000 -0.5494
vn -0.8356 -0.0000 0.5494
vn -0.6673 -0.6019 0.4388
vn -0.0015 1.0000 -0.0000
vn -0.9338 -0.0000 -0.3578
vn -0.9338 -0.0000 0.3578
vt 0.491690 0.552172
vt 0.491690 0.445872
vt 0.500001 0.445872
vt 0.500001 0.552172
vt 0.508311 0.445872
vt 0.508311 0.552172
vt 0.491690 0.021839
vt 0.488248 0.033124
vt 0.488248 0.006644
vt 0.491690 0.080747
vt 0.488248 0.092031
vt 0.488248 0.065551
vt 0.511753 0.033124
vt 0.508311 0.021839
vt 0.511753 0.006644
vt 0.511753 0.092031
vt 0.508311 0.080747
vt 0.511753 0.065551
vt 0.500001 0.077304
vt 0.488248 0.059603
vt 0.491690 0.044408
vt 0.500001 0.047851
vt 0.508311 0.044408
vt 0.511753 0.059603
vt 0.552172 0.044408
vt 0.445872 0.044408
vt 0.445872 0.033124
vt 0.445872 0.021839
vt 0.552172 0.021839
vt 0.552172 0.033124
vt 0.511753 0.000696
vt 0.500001 0.000696
vt 0.500001 0.106758
vt 0.511753 0.106758
vt 0.491690 0.101224
vt 0.488248 0.106758
vt 0.508311 0.101224
vt 0.511753 0.106758
vt 0.499965 0.104683
vt 0.511753 0.578214
vt 0.500001 0.583287
vt 0.488248 0.578214
vt 0.488248 0.552217
vt 0.511753 0.552217
vt 0.445872 0.000696
vt 0.445872 0.006644
vt 0.445872 0.059603
vt 0.445872 0.065551
vt 0.445872 0.092031
vt 0.445826 0.106758
vt 0.419829 0.106758
vt 0.419829 0.000696
vt 0.488248 0.000696
vt 0.500001 0.018397
vt 0.511753 0.419829
vt 0.511753 0.445826
vt 0.488248 0.445826
vt 0.488248 0.419829
vt 0.500001 0.414756
vt 0.445826 0.101224
vt 0.552217 0.101224
vt 0.552172 0.092031
vt 0.552172 0.080747
vt 0.445872 0.080747
vt 0.488248 0.000696
vt 0.488248 0.106758
vt 0.491690 0.552217
vt 0.491690 0.445826
vt 0.499965 0.445826
vt 0.499965 0.552217
vt 0.508311 0.445826
vt 0.508311 0.552217
vt 0.445872 0.154381
vt 0.445872 0.143096
vt 0.552172 0.143096
vt 0.552172 0.154381
vt 0.552172 0.165665
vt 0.445872 0.165665
vt 0.488248 0.106758
vt 0.511753 0.106758
vt 0.511753 0.127901
vt 0.500001 0.139654
vt 0.488248 0.127901
vt 0.552172 0.260911
vt 0.445872 0.260911
vt 0.445872 0.272196
vt 0.445872 0.283480
vt 0.552172 0.283480
vt 0.552172 0.272196
vt 0.491690 0.143096
vt 0.488248 0.154381
vt 0.491690 0.202004
vt 0.488248 0.213288
vt 0.488248 0.186809
vt 0.491690 0.260911
vt 0.488248 0.272196
vt 0.488248 0.245716
vt 0.491690 0.319818
vt 0.488248 0.331103
vt 0.488248 0.304623
vt 0.491690 0.378726
vt 0.488248 0.390010
vt 0.488248 0.363531
vt 0.511753 0.154381
vt 0.508311 0.143096
vt 0.511753 0.213288
vt 0.508311 0.202004
vt 0.511753 0.186809
vt 0.511753 0.272196
vt 0.508311 0.260911
vt 0.511753 0.245716
vt 0.511753 0.331103
vt 0.508311 0.319818
vt 0.511753 0.304623
vt 0.500001 0.198561
vt 0.488248 0.180860
vt 0.491690 0.165665
vt 0.500001 0.169108
vt 0.508311 0.165665
vt 0.511753 0.180860
vt 0.511753 0.390010
vt 0.508311 0.378726
vt 0.511753 0.363531
vt 0.578214 0.404737
vt 0.552217 0.404737
vt 0.552172 0.390010
vt 0.552172 0.363531
vt 0.552172 0.357583
vt 0.552172 0.331103
vt 0.552172 0.304623
vt 0.552172 0.298675
vt 0.552172 0.245716
vt 0.552172 0.239768
vt 0.552172 0.213288
vt 0.552172 0.186809
vt 0.552172 0.180860
vt 0.552172 0.127901
vt 0.552172 0.106758
vt 0.578214 0.106758
vt 0.552172 0.106758
vt 0.500001 0.257469
vt 0.488248 0.239768
vt 0.491690 0.224573
vt 0.500001 0.228015
vt 0.508311 0.224573
vt 0.511753 0.239768
vt 0.500001 0.316376
vt 0.488248 0.298675
vt 0.491690 0.283480
vt 0.500001 0.286922
vt 0.508311 0.283480
vt 0.511753 0.298675
vt 0.500001 0.375283
vt 0.488248 0.357583
vt 0.491690 0.342388
vt 0.500001 0.345830
vt 0.508311 0.342388
vt 0.511753 0.357583
vt 0.445872 0.202004
vt 0.445872 0.213288
vt 0.445872 0.224573
vt 0.552172 0.224573
vt 0.552172 0.202004
vt 0.552172 0.342388
vt 0.445872 0.342388
vt 0.445872 0.331103
vt 0.445872 0.319818
vt 0.552172 0.319818
vt 0.500001 0.404737
vt 0.511753 0.404737
vt 0.491690 0.399203
vt 0.488248 0.404737
vt 0.508311 0.399203
vt 0.511753 0.404737
vt 0.499965 0.402663
vt 0.419829 0.404737
vt 0.445872 0.106758
vt 0.445872 0.127901
vt 0.445872 0.180860
vt 0.445872 0.186809
vt 0.445872 0.239768
vt 0.445872 0.245716
vt 0.445872 0.298675
vt 0.445872 0.304623
vt 0.445872 0.357583
vt 0.445872 0.363531
vt 0.445872 0.390010
vt 0.445826 0.404737
vt 0.445872 0.106758
vt 0.445826 0.399203
vt 0.552217 0.399203
vt 0.552172 0.378726
vt 0.445872 0.378726
vt 0.488248 0.404737
vt 0.445872 0.452360
vt 0.445872 0.441075
vt 0.552172 0.441075
vt 0.552172 0.452360
vt 0.552172 0.463645
vt 0.445872 0.463645
vt 0.488248 0.404737
vt 0.511753 0.404737
vt 0.511753 0.425880
vt 0.500001 0.437633
vt 0.488248 0.425880
vt 0.552172 0.558890
vt 0.445872 0.558890
vt 0.445872 0.570175
vt 0.445872 0.581459
vt 0.552172 0.581459
vt 0.552172 0.570175
vt 0.491690 0.441075
vt 0.488248 0.452360
vt 0.491690 0.499983
vt 0.488248 0.511267
vt 0.488248 0.484788
vt 0.491690 0.558890
vt 0.488248 0.570175
vt 0.488248 0.543695
vt 0.491690 0.617798
vt 0.488248 0.629082
vt 0.488248 0.602603
vt 0.491690 0.676705
vt 0.488248 0.687990
vt 0.488248 0.661510
vt 0.511753 0.452360
vt 0.508311 0.441075
vt 0.511753 0.511267
vt 0.508311 0.499983
vt 0.511753 0.484788
vt 0.511753 0.570175
vt 0.508311 0.558890
vt 0.511753 0.543695
vt 0.511753 0.629082
vt 0.508311 0.617798
vt 0.511753 0.602603
vt 0.500001 0.496541
vt 0.488248 0.478840
vt 0.491690 0.463645
vt 0.500001 0.467087
vt 0.508311 0.463645
vt 0.511753 0.478840
vt 0.511753 0.687990
vt 0.508311 0.676705
vt 0.511753 0.661510
vt 0.578214 0.702716
vt 0.552217 0.702716
vt 0.552172 0.687990
vt 0.552172 0.661510
vt 0.552172 0.655562
vt 0.552172 0.629082
vt 0.552172 0.602603
vt 0.552172 0.596654
vt 0.552172 0.543695
vt 0.552172 0.537747
vt 0.552172 0.511267
vt 0.552172 0.484788
vt 0.552172 0.478840
vt 0.552172 0.425880
vt 0.552172 0.404737
vt 0.552172 0.404737
vt 0.500001 0.555448
vt 0.488248 0.537747
vt 0.491690 0.522552
vt 0.500001 0.525994
vt 0.508311 0.522552
vt 0.511753 0.537747
vt 0.500001 0.614355
vt 0.488248 0.596654
vt 0.491690 0.581459
vt 0.500001 0.584902
vt 0.508311 0.581459
vt 0.511753 0.596654
vt 0.500001 0.673263
vt 0.488248 0.655562
vt 0.491690 0.640367
vt 0.500001 0.643809
vt 0.508311 0.640367
vt 0.511753 0.655562
vt 0.445872 0.499983
vt 0.445872 0.511267
vt 0.445872 0.522552
vt 0.552172 0.522552
vt 0.552172 0.499983
vt 0.552172 0.640367
vt 0.445872 0.640367
vt 0.445872 0.629082
vt 0.445872 0.617798
vt 0.552172 0.617798
vt 0.500001 0.702716
vt 0.511753 0.702716
vt 0.491690 0.697183
vt 0.488248 0.702716
vt 0.508311 0.697183
vt 0.511753 0.702716
vt 0.499965 0.700642
vt 0.419829 0.702716
vt 0.445872 0.404737
vt 0.445872 0.425880
vt 0.445872 0.478840
vt 0.445872 0.484788
vt 0.445872 0.537747
vt 0.445872 0.543695
vt 0.445872 0.596654
vt 0.445872 0.602603
vt 0.445872 0.655562
vt 0.445872 0.661510
vt 0.445872 0.687990
vt 0.445826 0.702716
vt 0.445872 0.404737
vt 0.445826 0.697183
vt 0.552217 0.697183
vt 0.552172 0.676705
vt 0.445872 0.676705
vt 0.488248 0.702716
vt 0.445872 0.750339
vt 0.445872 0.739055
vt 0.552172 0.739055
vt 0.552172 0.750339
vt 0.552172 0.761624
vt 0.445872 0.761624
vt 0.488248 0.702717
vt 0.511753 0.702717
vt 0.511753 0.723860
vt 0.500001 0.735613
vt 0.488248 0.723860
vt 0.552172 0.856870
vt 0.445872 0.856870
vt 0.445872 0.868154
vt 0.445872 0.879439
vt 0.552172 0.879439
vt 0.552172 0.868154
vt 0.491690 0.739055
vt 0.488248 0.750339
vt 0.491690 0.797962
vt 0.488248 0.809247
vt 0.488248 0.782767
vt 0.491690 0.856870
vt 0.488248 0.868154
vt 0.488248 0.841675
vt 0.491690 0.915777
vt 0.488248 0.927062
vt 0.488248 0.900582
vt 0.491690 0.974684
vt 0.488248 0.985969
vt 0.488248 0.959489
vt 0.511753 0.750339
vt 0.508311 0.739055
vt 0.511753 0.809247
vt 0.508311 0.797962
vt 0.511753 0.782767
vt 0.511753 0.868154
vt 0.508311 0.856870
vt 0.511753 0.841675
vt 0.511753 0.927062
vt 0.508311 0.915777
vt 0.511753 0.900582
vt 0.500001 0.794520
vt 0.488248 0.776819
vt 0.491690 0.761624
vt 0.500001 0.765066
vt 0.508311 0.761624
vt 0.511753 0.776819
vt 0.511753 0.985969
vt 0.508311 0.974684
vt 0.511753 0.959489
vt 0.578214 1.000696
vt 0.552217 1.000696
vt 0.552172 0.985969
vt 0.552172 0.959489
vt 0.552172 0.953541
vt 0.552172 0.927062
vt 0.552172 0.900582
vt 0.552172 0.894634
vt 0.552172 0.841675
vt 0.552172 0.835726
vt 0.552172 0.809247
vt 0.552172 0.782767
vt 0.552172 0.776819
vt 0.552172 0.723860
vt 0.552172 0.702717
vt 0.578214 0.702717
vt 0.500001 0.853427
vt 0.488248 0.835726
vt 0.491690 0.820531
vt 0.500001 0.823974
vt 0.508311 0.820531
vt 0.511753 0.835726
vt 0.500001 0.912335
vt 0.488248 0.894634
vt 0.491690 0.879439
vt 0.500001 0.882881
vt 0.508311 0.879439
vt 0.511753 0.894634
vt 0.500001 0.971242
vt 0.488248 0.953541
vt 0.491690 0.938346
vt 0.500001 0.941788
vt 0.508311 0.938346
vt 0.511753 0.953541
vt 0.445872 0.797962
vt 0.445872 0.809247
vt 0.445872 0.820531
vt 0.552172 0.820531
vt 0.552172 0.797962
vt 0.552172 0.938346
vt 0.445872 0.938346
vt 0.445872 0.927062
vt 0.445872 0.915777
vt 0.552172 0.915777
vt 0.511753 0.702717
vt 0.500001 0.702717
vt 0.500001 1.000696
vt 0.511753 1.000696
vt 0.491690 0.995162
vt 0.488248 1.000696
vt 0.508311 0.995162
vt 0.511753 1.000696
vt 0.499965 0.998621
vt 0.419829 1.000696
vt 0.419829 0.702717
vt 0.445872 0.702717
vt 0.445872 0.723860
vt 0.445872 0.776819
vt 0.445872 0.782767
vt 0.445872 0.835726
vt 0.445872 0.841675
vt 0.445872 0.894634
vt 0.445872 0.900582
vt 0.445872 0.953541
vt 0.445872 0.959489
vt 0.445872 0.985969
vt 0.445826 1.000696
vt 0.445826 0.995162
vt 0.552217 0.995162
vt 0.552172 0.974684
vt 0.445872 0.974684
vt 0.488248 0.702717
vt 0.488248 1.000696
vt 0.552217 0.106758
vt 0.552172 0.065551
vt 0.552172 0.059603
vt 0.552172 0.006644
vt 0.552172 0.000696
vt 0.578214 0.000696
vt 0.430263 0.184628
vt 0.569737 0.184628
vt 0.569736 0.030101
vt 0.500000 0.000000
vt 0.430264 0.030101
vt 0.430263 0.815372
vt 0.430264 0.969899
vt 0.500000 1.000000
vt 0.569736 0.969899
vt 0.569737 0.815372
s 1
g Ladder_1_Old_metal_plate
usemtl Old_metal_plate
f 814/946/242 843/947/242 841/948/243 812/949/243
f 835/950/244 825/948/245 796/949/245 806/951/244
s 2
f 799/952/246 797/953/246 798/954/246
s 3
f 803/955/246 801/956/246 802/957/246
s 2
f 804/958/246 806/959/246 805/960/246
s 3
f 807/961/246 809/962/246 808/963/246
f 800/964/246 803/955/246 802/957/246 813/965/246 814/966/246 812/967/246 816/968/246 815/969/246 808/963/246 809/962/246
f 797/953/246 814/966/246 813/965/246
f 816/968/246 804/958/246 815/969/246
s 4
f 829/948/245 832/947/247 803/946/247 800/949/245
s 1
f 796/949/245 825/948/245 828/947/248 799/946/248
f 841/948/243 845/950/249 816/951/249 812/949/243
f 816/970/249 845/971/249 833/972/250 835/973/244 806/974/244 804/975/250
s 2
f 795/976/251 850/977/252 851/978/253 793/979/254
s 4
f 809/951/255 838/950/255 829/948/245 800/949/245
s 5
f 801/956/256 818/980/257 817/981/258
f 820/982/259 819/983/260 817/981/258 818/980/257 854/984/246
f 807/961/261 819/983/260 820/982/259
s 6
f 793/985/243 851/986/243 792/987/243 817/988/243 819/989/243
s 7
f 828/952/253 827/954/253 826/953/253
s 8
f 832/955/253 831/957/253 830/956/253
s 7
f 840/990/262 834/991/263 833/972/250 844/992/250 837/993/250 836/994/250 848/995/250 822/996/264 824/997/265
f 833/958/253 834/960/263 835/959/253
s 8
f 836/961/253 837/963/253 838/962/253
f 831/957/253 832/955/253 829/964/253 838/962/253 837/963/253 844/969/253 845/968/253 841/967/253 843/966/253 842/965/253
s 7
f 839/998/266 827/954/253 828/952/253 825/999/253 835/959/253 834/960/263 840/976/262
s 2
f 805/960/246 806/959/246 796/999/246 799/952/246 798/954/246 810/998/267 811/976/268
s 8
f 826/953/253 842/965/253 843/966/253
f 845/968/253 844/969/253 833/958/253
s 7
f 852/978/246 853/977/269 824/976/265 822/979/264
s 9
f 830/956/270 846/981/271 847/980/272
f 849/982/273 855/984/253 847/980/272 846/981/271 848/983/274
f 836/961/275 849/982/273 848/983/274
s 10
f 822/1000/243 848/1001/243 846/1002/243 821/1003/243 852/1004/243
s 1
f 826/972/276 843/971/242 814/970/242 797/975/276 799/974/248 828/973/248
s 4
f 830/994/277 847/1005/278 818/1006/278 801/1007/277 803/1008/247 832/1009/247
f 849/1005/279 836/994/280 838/1009/255 809/1008/255 807/1007/280 820/1006/279
s 2
f 851/978/253 850/977/252 794/1010/281 792/1011/282
s 7
f 852/978/246 821/1011/283 823/1010/284 853/977/269
s 4
f 818/1012/278 847/1013/278 855/1014/285 854/1015/285
f 849/1016/279 820/1017/279 854/1015/285 855/1014/285
s 11
f 964/947/242 962/948/243 897/949/243 899/946/242
f 945/1018/250 947/1019/244 882/1020/244 880/1021/250 901/1022/249 966/1023/249
s 12
f 914/946/242 979/947/242 977/948/243 912/949/243
s 13
f 895/1024/246 896/1025/246 881/1026/246 860/1027/246 862/1028/246
s 12
f 956/950/244 937/948/245 872/949/245 891/951/244
s 14
f 871/1029/248 936/1030/248 934/1031/276 974/1032/242 909/1033/242 869/1034/276
s 11
f 897/949/243 962/948/243 966/950/249 901/951/249
s 14
f 976/1032/249 951/1031/250 953/1030/244 888/1029/244 886/1034/250 911/1033/249
s 13
f 860/1027/246 863/1035/246 862/1028/246
f 863/1035/246 861/1036/246 862/1028/246
s 15
f 867/1037/246 865/1038/246 866/1039/246
s 16
f 871/1040/246 869/1041/246 870/1042/246
s 17
f 875/1043/246 873/1044/246 874/1045/246
s 18
f 879/1046/246 877/1047/246 878/1048/246
s 13
f 880/1049/246 882/1050/246 881/1026/246
f 882/1050/246 860/1027/246 881/1026/246
s 15
f 883/1051/246 885/1052/246 884/1053/246
s 16
f 886/1054/246 888/1055/246 887/1056/246
s 17
f 889/1057/246 891/1058/246 890/1059/246
s 15
f 864/1060/246 867/1037/246 866/1039/246 898/1061/246 899/1062/246 897/1063/246 901/1064/246 900/1065/246 884/1053/246 885/1052/246
s 18
f 892/1066/246 894/1067/246 893/1068/246
s 2
f 857/1069/254 919/1070/250 892/1071/250 893/1072/250 915/1073/250 889/1074/250 890/1075/250 910/1076/250 886/1034/250 887/1077/250 905/1078/250 883/1079/250 884/1080/250 900/1081/250 880/1021/250 881/1082/250 896/1083/250 859/1084/254
f 858/1084/286 895/1085/276 862/1082/276 861/1021/276 898/1081/276 866/1080/276 865/1079/276 903/1078/276 870/1077/276 869/1034/276 908/1076/276 874/1075/276 873/1074/276 913/1073/276 878/1072/276 877/1071/276 917/1070/276 856/1069/282
s 15
f 861/1036/246 899/1062/246 898/1061/246
s 16
f 868/1086/246 871/1040/246 870/1042/246 903/1087/246 904/1088/246 902/1089/246 906/1090/246 905/1091/246 887/1056/246 888/1055/246
s 15
f 901/1064/246 880/1049/246 900/1065/246
s 16
f 865/1038/246 904/1088/246 903/1087/246
s 17
f 872/1092/246 875/1043/246 874/1045/246 908/1093/246 909/1094/246 907/1095/246 911/1096/246 910/1097/246 890/1059/246 891/1058/246
s 16
f 906/1090/246 883/1051/246 905/1091/246
s 17
f 869/1041/246 909/1094/246 908/1093/246
s 18
f 876/1098/246 879/1046/246 878/1048/246 913/1099/246 914/1100/246 912/1101/246 916/1102/246 915/1103/246 893/1068/246 894/1067/246
s 17
f 911/1096/246 886/1054/246 910/1097/246
s 18
f 873/1044/246 914/1100/246 913/1099/246
f 916/1102/246 889/1057/246 915/1103/246
s 19
f 932/1104/248 930/1105/276 969/1106/242 904/1107/242 865/1079/276 867/1108/248
s 20
f 941/948/245 944/947/247 879/946/247 876/949/245
s 19
f 929/948/245 932/947/248 867/946/248 864/949/245
f 904/946/242 969/947/242 967/948/243 902/949/243
s 12
f 872/949/245 937/948/245 940/947/248 875/946/248
s 11
f 863/1020/248 928/1019/248 926/1018/276 964/1023/242 899/1022/242 861/1021/276
s 14
f 972/948/243 976/950/249 911/951/249 907/949/243
f 888/951/244 953/950/244 933/948/245 868/949/245
f 868/949/245 933/948/245 936/947/248 871/946/248
s 12
f 977/948/243 981/950/249 916/951/249 912/949/243
s 19
f 885/951/244 950/950/244 929/948/245 864/949/245
s 11
f 925/948/245 928/947/248 863/946/248 860/949/245
s 12
f 916/1109/249 981/1110/249 954/1111/250 956/1112/244 891/1113/244 889/1074/250
s 19
f 971/1106/249 948/1105/250 950/1104/244 885/1108/244 883/1079/250 906/1107/249
s 11
f 947/950/244 925/948/245 860/949/245 882/951/244
s 19
f 967/948/243 971/950/249 906/951/249 902/949/243
s 2
f 859/979/254 986/978/253 987/1114/253 857/1115/254
s 20
f 894/951/255 959/950/255 941/948/245 876/949/245
s 14
f 974/947/242 972/948/243 907/949/243 909/946/242
s 21
f 877/1047/256 918/1116/257 917/1117/258
f 920/1118/259 919/1119/260 917/1117/258 918/1116/257 990/1120/246
f 892/1066/261 919/1119/260 920/1118/259
s 22
f 857/985/243 987/986/243 856/987/243 917/988/243 919/989/243
s 23
f 927/1028/253 928/1035/253 925/1027/253 947/1050/253 946/1026/253 961/1025/253 960/1024/253
f 928/1035/253 927/1028/253 926/1036/253
s 24
f 932/1037/253 931/1039/253 930/1038/253
s 25
f 936/1040/253 935/1042/253 934/1041/253
s 26
f 940/1043/253 939/1045/253 938/1044/253
s 27
f 944/1046/253 943/1048/253 942/1047/253
s 23
f 945/1049/253 946/1026/253 947/1050/253
s 24
f 948/1051/253 949/1053/253 950/1052/253
f 931/1039/253 932/1037/253 929/1060/253 950/1052/253 949/1053/253 965/1065/253 966/1064/253 962/1063/253 964/1062/253 963/1061/253
s 25
f 951/1054/253 952/1056/253 953/1055/253
s 26
f 954/1057/253 955/1059/253 956/1058/253
s 27
f 957/1066/253 958/1068/253 959/1067/253
f 943/1048/253 944/1046/253 941/1098/253 959/1067/253 958/1068/253 980/1103/253 981/1102/253 977/1101/253 979/1100/253 978/1099/253
s 7
f 922/1121/264 924/996/264 961/1122/250 946/1123/250 945/1018/250 965/1124/250 949/1125/250 948/1105/250 970/1126/250 952/1127/250 951/1031/250 975/1128/250 955/1129/250 954/1111/250 980/1130/250 958/1131/250 957/1132/250 984/1133/250
f 923/996/287 921/1121/283 982/1133/276 942/1132/276 943/1131/276 978/1130/276 938/1111/276 939/1129/276 973/1128/276 934/1031/276 935/1127/276 968/1126/276 930/1105/276 931/1125/276 963/1124/276 926/1018/276 927/1123/276 960/1134/276
s 24
f 926/1036/253 963/1061/253 964/1062/253
s 25
f 935/1042/253 936/1040/253 933/1086/253 953/1055/253 952/1056/253 970/1091/253 971/1090/253 967/1089/253 969/1088/253 968/1087/253
s 24
f 966/1064/253 965/1065/253 945/1049/253
s 25
f 930/1038/253 968/1087/253 969/1088/253
f 971/1090/253 970/1091/253 948/1051/253
s 26
f 934/1041/253 973/1093/253 974/1094/253
f 956/1058/253 955/1059/253 975/1097/253 976/1096/253 972/1095/253 974/1094/253 973/1093/253 939/1045/253 940/1043/253 937/1092/253
f 976/1096/253 975/1097/253 951/1054/253
s 27
f 938/1044/253 978/1099/253 979/1100/253
f 981/1102/253 980/1103/253 954/1057/253
s 7
f 988/1114/246 989/978/246 924/979/264 922/1115/264
s 28
f 942/1047/270 982/1117/271 983/1116/272
f 985/1118/273 991/1120/253 983/1116/272 982/1117/271 984/1119/274
f 957/1066/275 985/1118/273 984/1119/274
s 29
f 922/1000/243 984/1001/243 982/1002/243 921/1003/243 988/1004/243
s 12
f 938/1111/276 979/1110/242 914/1109/242 873/1074/276 875/1113/248 940/1112/248
s 20
f 942/1132/277 983/1135/278 918/1136/278 877/1071/277 879/1137/247 944/1138/247
f 985/1135/279 957/1132/280 959/1138/255 894/1137/255 892/1071/280 920/1136/279
s 2
f 987/1114/253 986/978/253 858/1011/286 856/1139/282
s 7
f 988/1114/246 921/1139/283 923/1011/287 989/978/246
s 20
f 918/1012/278 983/1013/278 991/1014/285 990/1015/285
f 985/1016/279 920/1017/279 990/1015/285 991/1014/285
s 30
f 1100/947/242 1098/948/243 1033/949/243 1035/946/242
f 1081/1140/250 1083/1141/244 1018/1142/244 1016/1143/250 1037/1144/249 1102/1145/249
s 31
f 1050/946/242 1115/947/242 1113/948/243 1048/949/243
s 32
f 1031/1146/246 1032/1147/246 1017/1148/246 996/1149/246 998/1150/246
s 31
f 1092/950/244 1073/948/245 1008/949/245 1027/951/244
s 33
f 1007/1151/248 1072/1152/248 1070/1153/276 1110/1154/242 1045/1155/242 1005/1156/276
s 30
f 1033/949/243 1098/948/243 1102/950/249 1037/951/249
s 33
f 1112/1154/249 1087/1153/250 1089/1152/244 1024/1151/244 1022/1156/250 1047/1155/249
s 32
f 996/1149/246 999/1157/246 998/1150/246
f 999/1157/246 997/1158/246 998/1150/246
s 34
f 1003/1159/246 1001/1160/246 1002/1161/246
s 35
f 1007/1162/246 1005/1163/246 1006/1164/246
s 36
f 1011/1165/246 1009/1166/246 1010/1167/246
s 37
f 1015/1168/246 1013/1169/246 1014/1170/246
s 32
f 1016/1171/246 1018/1172/246 1017/1148/246
f 1018/1172/246 996/1149/246 1017/1148/246
s 34
f 1019/1173/246 1021/1174/246 1020/1175/246
s 35
f 1022/1176/246 1024/1177/246 1023/1178/246
s 36
f 1025/1179/246 1027/1180/246 1026/1181/246
s 34
f 1000/1182/246 1003/1159/246 1002/1161/246 1034/1183/246 1035/1184/246 1033/1185/246 1037/1186/246 1036/1187/246 1020/1175/246 1021/1174/246
s 37
f 1028/1188/246 1030/1189/246 1029/1190/246
s 38
f 993/1191/254 1055/1192/250 1028/1193/250 1029/1194/250 1051/1195/250 1025/1196/250 1026/1197/250 1046/1198/250 1022/1156/250 1023/1199/250 1041/1200/250 1019/1201/250 1020/1202/250 1036/1203/250 1016/1143/250 1017/1204/250 1032/1205/250 995/1069/254
f 994/1069/282 1031/1206/276 998/1204/276 997/1143/276 1034/1203/276 1002/1202/276 1001/1201/276 1039/1200/276 1006/1199/276 1005/1156/276 1044/1198/276 1010/1197/276 1009/1196/276 1049/1195/276 1014/1194/276 1013/1193/276 1053/1192/276 992/1191/282
s 34
f 997/1158/246 1035/1184/246 1034/1183/246
s 35
f 1004/1207/246 1007/1162/246 1006/1164/246 1039/1208/246 1040/1209/246 1038/1210/246 1042/1211/246 1041/1212/246 1023/1178/246 1024/1177/246
s 34
f 1037/1186/246 1016/1171/246 1036/1187/246
s 35
f 1001/1160/246 1040/1209/246 1039/1208/246
s 36
f 1008/1213/246 1011/1165/246 1010/1167/246 1044/1214/246 1045/1215/246 1043/1216/246 1047/1217/246 1046/1218/246 1026/1181/246 1027/1180/246
s 35
f 1042/1211/246 1019/1173/246 1041/1212/246
s 36
f 1005/1163/246 1045/1215/246 1044/1214/246
s 37
f 1012/1219/246 1015/1168/246 1014/1170/246 1049/1220/246 1050/1221/246 1048/1222/246 1052/1223/246 1051/1224/246 1029/1190/246 1030/1189/246
s 36
f 1047/1217/246 1022/1176/246 1046/1218/246
s 37
f 1009/1166/246 1050/1221/246 1049/1220/246
f 1052/1223/246 1025/1179/246 1051/1224/246
s 39
f 1068/1225/248 1066/1226/276 1105/1227/242 1040/1228/242 1001/1201/276 1003/1229/248
s 40
f 1077/948/245 1080/947/247 1015/946/247 1012/949/245
s 39
f 1065/948/245 1068/947/248 1003/946/248 1000/949/245
f 1040/946/242 1105/947/242 1103/948/243 1038/949/243
s 31
f 1008/949/245 1073/948/245 1076/947/248 1011/946/248
s 30
f 999/1142/248 1064/1141/248 1062/1140/276 1100/1145/242 1035/1144/242 997/1143/276
s 33
f 1108/948/243 1112/950/249 1047/951/249 1043/949/243
f 1024/951/244 1089/950/244 1069/948/245 1004/949/245
f 1004/949/245 1069/948/245 1072/947/248 1007/946/248
s 31
f 1113/948/243 1117/950/249 1052/951/249 1048/949/243
s 39
f 1021/951/244 1086/950/244 1065/948/245 1000/949/245
s 30
f 1061/948/245 1064/947/248 999/946/248 996/949/245
s 31
f 1052/1230/249 1117/1231/249 1090/1232/250 1092/1233/244 1027/1234/244 1025/1196/250
s 39
f 1107/1227/249 1084/1226/250 1086/1225/244 1021/1229/244 1019/1201/250 1042/1228/249
s 30
f 1083/950/244 1061/948/245 996/949/245 1018/951/244
s 39
f 1103/948/243 1107/950/249 1042/951/249 1038/949/243
s 38
f 995/1115/254 1122/1114/253 1123/1235/253 993/1236/254
s 40
f 1030/951/255 1095/950/255 1077/948/245 1012/949/245
s 33
f 1110/947/242 1108/948/243 1043/949/243 1045/946/242
s 41
f 1013/1169/256 1054/1237/257 1053/1238/258
f 1056/1239/259 1055/1240/260 1053/1238/258 1054/1237/257 1126/1241/246
f 1028/1188/261 1055/1240/260 1056/1239/259
s 42
f 993/985/243 1123/986/243 992/987/243 1053/988/243 1055/989/243
s 43
f 1063/1150/253 1064/1157/253 1061/1149/253 1083/1172/253 1082/1148/253 1097/1147/253 1096/1146/253
f 1064/1157/253 1063/1150/253 1062/1158/253
s 44
f 1068/1159/253 1067/1161/253 1066/1160/253
s 45
f 1072/1162/253 1071/1164/253 1070/1163/253
s 46
f 1076/1165/253 1075/1167/253 1074/1166/253
s 47
f 1080/1168/253 1079/1170/253 1078/1169/253
s 43
f 1081/1171/253 1082/1148/253 1083/1172/253
s 44
f 1084/1173/253 1085/1175/253 1086/1174/253
f 1067/1161/253 1068/1159/253 1065/1182/253 1086/1174/253 1085/1175/253 1101/1187/253 1102/1186/253 1098/1185/253 1100/1184/253 1099/1183/253
s 45
f 1087/1176/253 1088/1178/253 1089/1177/253
s 46
f 1090/1179/253 1091/1181/253 1092/1180/253
s 47
f 1093/1188/253 1094/1190/253 1095/1189/253
f 1079/1170/253 1080/1168/253 1077/1219/253 1095/1189/253 1094/1190/253 1116/1224/253 1117/1223/253 1113/1222/253 1115/1221/253 1114/1220/253
s 48
f 1058/1242/264 1060/1121/264 1097/1243/250 1082/1244/250 1081/1140/250 1101/1245/250 1085/1246/250 1084/1226/250 1106/1247/250 1088/1248/250 1087/1153/250 1111/1249/250 1091/1250/250 1090/1232/250 1116/1251/250 1094/1252/250 1093/1253/250 1120/1254/250
f 1059/1121/283 1057/1242/283 1118/1254/276 1078/1253/276 1079/1252/276 1114/1251/276 1074/1232/276 1075/1250/276 1109/1249/276 1070/1153/276 1071/1248/276 1104/1247/276 1066/1226/276 1067/1246/276 1099/1245/276 1062/1140/276 1063/1244/276 1096/1255/276
s 44
f 1062/1158/253 1099/1183/253 1100/1184/253
s 45
f 1071/1164/253 1072/1162/253 1069/1207/253 1089/1177/253 1088/1178/253 1106/1212/253 1107/1211/253 1103/1210/253 1105/1209/253 1104/1208/253
s 44
f 1102/1186/253 1101/1187/253 1081/1171/253
s 45
f 1066/1160/253 1104/1208/253 1105/1209/253
f 1107/1211/253 1106/1212/253 1084/1173/253
s 46
f 1070/1163/253 1109/1214/253 1110/1215/253
f 1092/1180/253 1091/1181/253 1111/1218/253 1112/1217/253 1108/1216/253 1110/1215/253 1109/1214/253 1075/1167/253 1076/1165/253 1073/1213/253
f 1112/1217/253 1111/1218/253 1087/1176/253
s 47
f 1074/1166/253 1114/1220/253 1115/1221/253
f 1117/1223/253 1116/1224/253 1090/1179/253
s 48
f 1124/1235/246 1125/1114/246 1060/1115/264 1058/1236/264
s 49
f 1078/1169/270 1118/1238/271 1119/1237/272
f 1121/1239/273 1127/1241/253 1119/1237/272 1118/1238/271 1120/1240/274
f 1093/1188/275 1121/1239/273 1120/1240/274
s 50
f 1058/1000/243 1120/1001/243 1118/1002/243 1057/1003/243 1124/1004/243
s 31
f 1074/1232/276 1115/1231/242 1050/1230/242 1009/1196/276 1011/1234/248 1076/1233/248
s 40
f 1078/1253/277 1119/1256/278 1054/1257/278 1013/1193/277 1015/1258/247 1080/1259/247
f 1121/1256/279 1093/1253/280 1095/1259/255 1030/1258/255 1028/1193/280 1056/1257/279
s 38
f 1123/1235/253 1122/1114/253 994/1139/282 992/1260/282
s 48
f 1124/1235/246 1057/1260/283 1059/1139/283 1125/1114/246
s 40
f 1054/1012/278 1119/1013/278 1127/1014/285 1126/1015/285
f 1121/1016/279 1056/1017/279 1126/1015/285 1127/1014/285
s 51
f 1236/947/242 1234/948/243 1169/949/243 1171/946/242
f 1217/1261/250 1219/1262/244 1154/1263/244 1152/1264/250 1173/1265/249 1238/1266/249
s 52
f 1186/946/242 1251/947/242 1249/948/243 1184/949/243
s 53
f 1167/1267/246 1168/1268/246 1153/1269/246 1132/1270/246 1134/1271/246
s 52
f 1228/950/244 1209/948/245 1144/949/245 1163/951/244
s 54
f 1143/1272/248 1208/1273/248 1206/1274/276 1246/1275/242 1181/1276/242 1141/1277/276
s 51
f 1169/949/243 1234/948/243 1238/950/249 1173/951/249
s 54
f 1248/1275/249 1223/1274/250 1225/1273/244 1160/1272/244 1158/1277/250 1183/1276/249
s 53
f 1132/1270/246 1135/1278/246 1134/1271/246
f 1135/1278/246 1133/1279/246 1134/1271/246
s 55
f 1139/1280/246 1137/1281/246 1138/1282/246
s 56
f 1143/1283/246 1141/1284/246 1142/1285/246
s 57
f 1147/1286/246 1145/1287/246 1146/1288/246
s 58
f 1151/1289/246 1149/1290/246 1150/1291/246
s 53
f 1152/1292/246 1154/1293/246 1153/1269/246
f 1154/1293/246 1132/1270/246 1153/1269/246
s 55
f 1155/1294/246 1157/1295/246 1156/1296/246
s 56
f 1158/1297/246 1160/1298/246 1159/1299/246
s 57
f 1161/1300/246 1163/1301/246 1162/1302/246
s 55
f 1136/1303/246 1139/1280/246 1138/1282/246 1170/1304/246 1171/1305/246 1169/1306/246 1173/1307/246 1172/1308/246 1156/1296/246 1157/1295/246
s 58
f 1164/1309/246 1166/1310/246 1165/1311/246
s 59
f 1129/1312/254 1191/1313/250 1164/1314/250 1165/1315/250 1187/1316/250 1161/1317/250 1162/1318/250 1182/1319/250 1158/1277/250 1159/1320/250 1177/1321/250 1155/1322/250 1156/1323/250 1172/1324/250 1152/1264/250 1153/1325/250 1168/1326/250 1131/1327/254
f 1130/1327/282 1167/1326/276 1134/1325/276 1133/1264/276 1170/1324/276 1138/1323/276 1137/1322/276 1175/1321/276 1142/1320/276 1141/1277/276 1180/1319/276 1146/1318/276 1145/1317/276 1185/1316/276 1150/1315/276 1149/1314/276 1189/1313/276 1128/1312/282
s 55
f 1133/1279/246 1171/1305/246 1170/1304/246
s 56
f 1140/1328/246 1143/1283/246 1142/1285/246 1175/1329/246 1176/1330/246 1174/1331/246 1178/1332/246 1177/1333/246 1159/1299/246 1160/1298/246
s 55
f 1173/1307/246 1152/1292/246 1172/1308/246
s 56
f 1137/1281/246 1176/1330/246 1175/1329/246
s 57
f 1144/1334/246 1147/1286/246 1146/1288/246 1180/1335/246 1181/1336/246 1179/1337/246 1183/1338/246 1182/1339/246 1162/1302/246 1163/1301/246
s 56
f 1178/1332/246 1155/1294/246 1177/1333/246
s 57
f 1141/1284/246 1181/1336/246 1180/1335/246
s 58
f 1148/1340/246 1151/1289/246 1150/1291/246 1185/1341/246 1186/1342/246 1184/1343/246 1188/1344/246 1187/1345/246 1165/1311/246 1166/1310/246
s 57
f 1183/1338/246 1158/1297/246 1182/1339/246
s 58
f 1145/1287/246 1186/1342/246 1185/1341/246
f 1188/1344/246 1161/1300/246 1187/1345/246
s 60
f 1204/1346/248 1202/1347/276 1241/1348/242 1176/1349/242 1137/1322/276 1139/1350/248
s 61
f 1213/948/245 1216/947/247 1151/946/247 1148/949/245
s 60
f 1201/948/245 1204/947/248 1139/946/248 1136/949/245
f 1176/946/242 1241/947/242 1239/948/243 1174/949/243
s 52
f 1144/949/245 1209/948/245 1212/947/248 1147/946/248
s 51
f 1135/1263/248 1200/1262/248 1198/1261/276 1236/1266/242 1171/1265/242 1133/1264/276
s 54
f 1244/948/243 1248/950/249 1183/951/249 1179/949/243
f 1160/951/244 1225/950/244 1205/948/245 1140/949/245
f 1140/949/245 1205/948/245 1208/947/248 1143/946/248
s 52
f 1249/948/243 1253/950/249 1188/951/249 1184/949/243
s 60
f 1157/951/244 1222/950/244 1201/948/245 1136/949/245
s 51
f 1197/948/245 1200/947/248 1135/946/248 1132/949/245
s 52
f 1188/1351/249 1253/1352/249 1226/1353/250 1228/1354/244 1163/1355/244 1161/1317/250
s 60
f 1243/1348/249 1220/1347/250 1222/1346/244 1157/1350/244 1155/1322/250 1178/1349/249
s 51
f 1219/950/244 1197/948/245 1132/949/245 1154/951/244
s 60
f 1239/948/243 1243/950/249 1178/951/249 1174/949/243
s 59
f 1131/1356/254 1258/1357/253 1259/1358/253 1129/1359/254
s 61
f 1166/951/255 1231/950/255 1213/948/245 1148/949/245
s 54
f 1246/947/242 1244/948/243 1179/949/243 1181/946/242
s 62
f 1149/1290/256 1190/1360/257 1189/1361/258
f 1192/1362/259 1191/1363/260 1189/1361/258 1190/1360/257 1262/1364/246
f 1164/1309/261 1191/1363/260 1192/1362/259
s 63
f 1129/985/243 1259/986/243 1128/987/243 1189/988/243 1191/989/243
s 64
f 1199/1271/253 1200/1278/253 1197/1270/253 1219/1293/253 1218/1269/253 1233/1268/253 1232/1267/253
f 1200/1278/253 1199/1271/253 1198/1279/253
s 65
f 1204/1280/253 1203/1282/253 1202/1281/253
s 66
f 1208/1283/253 1207/1285/253 1206/1284/253
s 67
f 1212/1286/253 1211/1288/253 1210/1287/253
s 68
f 1216/1289/253 1215/1291/253 1214/1290/253
s 64
f 1217/1292/253 1218/1269/253 1219/1293/253
s 65
f 1220/1294/253 1221/1296/253 1222/1295/253
f 1203/1282/253 1204/1280/253 1201/1303/253 1222/1295/253 1221/1296/253 1237/1308/253 1238/1307/253 1234/1306/253 1236/1305/253 1235/1304/253
s 66
f 1223/1297/253 1224/1299/253 1225/1298/253
s 67
f 1226/1300/253 1227/1302/253 1228/1301/253
s 68
f 1229/1309/253 1230/1311/253 1231/1310/253
f 1215/1291/253 1216/1289/253 1213/1340/253 1231/1310/253 1230/1311/253 1252/1345/253 1253/1344/253 1249/1343/253 1251/1342/253 1250/1341/253
s 69
f 1194/1365/264 1196/1366/264 1233/1367/250 1218/1368/250 1217/1261/250 1237/1369/250 1221/1370/250 1220/1347/250 1242/1371/250 1224/1372/250 1223/1274/250 1247/1373/250 1227/1374/250 1226/1353/250 1252/1375/250 1230/1376/250 1229/1377/250 1256/1378/250
f 1195/1366/283 1193/1365/283 1254/1378/276 1214/1377/276 1215/1376/276 1250/1375/276 1210/1353/276 1211/1374/276 1245/1373/276 1206/1274/276 1207/1372/276 1240/1371/276 1202/1347/276 1203/1370/276 1235/1369/276 1198/1261/276 1199/1368/276 1232/1367/276
s 65
f 1198/1279/253 1235/1304/253 1236/1305/253
s 66
f 1207/1285/253 1208/1283/253 1205/1328/253 1225/1298/253 1224/1299/253 1242/1333/253 1243/1332/253 1239/1331/253 1241/1330/253 1240/1329/253
s 65
f 1238/1307/253 1237/1308/253 1217/1292/253
s 66
f 1202/1281/253 1240/1329/253 1241/1330/253
f 1243/1332/253 1242/1333/253 1220/1294/253
s 67
f 1206/1284/253 1245/1335/253 1246/1336/253
f 1228/1301/253 1227/1302/253 1247/1339/253 1248/1338/253 1244/1337/253 1246/1336/253 1245/1335/253 1211/1288/253 1212/1286/253 1209/1334/253
f 1248/1338/253 1247/1339/253 1223/1297/253
s 68
f 1210/1287/253 1250/1341/253 1251/1342/253
f 1253/1344/253 1252/1345/253 1226/1300/253
s 69
f 1260/1358/246 1261/1357/246 1196/1356/264 1194/1359/264
s 70
f 1214/1290/270 1254/1361/271 1255/1360/272
f 1257/1362/273 1263/1364/253 1255/1360/272 1254/1361/271 1256/1363/274
f 1229/1309/275 1257/1362/273 1256/1363/274
s 71
f 1194/1000/243 1256/1001/243 1254/1002/243 1193/1003/243 1260/1004/243
s 52
f 1210/1353/276 1251/1352/242 1186/1351/242 1145/1317/276 1147/1355/248 1212/1354/248
s 61
f 1214/1377/277 1255/1379/278 1190/1380/278 1149/1314/277 1151/1381/247 1216/1382/247
f 1257/1379/279 1229/1377/280 1231/1382/255 1166/1381/255 1164/1314/280 1192/1380/279
s 59
f 1259/1358/253 1258/1357/253 1130/1383/282 1128/1384/282
s 69
f 1260/1358/246 1193/1384/283 1195/1383/283 1261/1357/246
s 61
f 1190/1012/278 1255/1013/278 1263/1014/285 1262/1015/285
f 1257/1016/279 1192/1017/279 1262/1015/285 1263/1014/285
s 2
f 793/1084/254 819/1385/250 807/1007/250 808/1386/250 815/1387/250 804/975/250 805/1388/250 811/1389/268 795/1390/251
f 792/1084/282 794/1390/281 810/1389/267 798/1388/276 797/975/276 813/1387/276 802/1386/276 801/1007/276 817/1385/276 895/1085/276 858/1084/286
s 7
f 839/990/266 823/997/284 821/996/283 923/996/287 960/1134/276 846/995/276 830/994/276 831/993/276 842/992/276 826/972/276 827/991/276
f 839/1391/266 840/1392/262 824/1393/265 853/1394/269 823/1395/284
s 2
f 810/1396/267 794/1397/281 850/1398/252 795/1399/251 811/1400/268
g Ladder_3_Vert.002
v -78.115349 -5.004010 2.824532
v -77.925873 -5.004010 2.824532
v -78.115349 -6.665991 2.824532
v -77.925873 -6.665991 2.824532
v -78.020615 -6.665990 3.034459
v -78.115349 -6.547276 3.034459
v -78.115349 -6.665990 3.034459
v -78.087601 -6.638242 3.034459
v -78.020615 -6.191138 3.034459
v -78.115349 -6.072425 3.034459
v -78.115349 -6.285876 3.034459
v -78.087601 -6.163390 3.034459
v -78.020615 -5.716287 3.034459
v -78.115349 -5.597574 3.034459
v -78.115349 -5.811025 3.034459
v -78.087601 -5.688539 3.034459
v -78.020615 -5.241436 3.034459
v -78.115349 -5.122723 3.034459
v -78.115349 -5.336174 3.034459
v -78.087601 -5.213687 3.034459
v -77.925873 -6.495555 3.034459
v -77.925873 -6.547276 3.034459
v -77.925873 -6.665990 3.034459
v -77.953621 -6.638242 3.034459
v -77.925873 -6.072425 3.034459
v -77.925873 -6.285876 3.034459
v -77.953621 -6.163390 3.034459
v -77.925873 -5.597574 3.034459
v -77.925873 -5.811025 3.034459
v -77.953621 -5.688539 3.034459
v -77.925873 -5.122723 3.034459
v -77.925873 -5.336174 3.034459
v -77.953621 -5.213687 3.034459
v -78.020615 -6.428564 3.034459
v -78.115349 -6.333826 3.034459
v -78.087601 -6.456312 3.034459
v -77.925873 -6.333826 3.034459
v -77.953621 -6.456312 3.034459
v -78.020615 -5.953712 3.034459
v -78.115349 -5.858974 3.034459
v -78.087601 -5.981461 3.034459
v -77.925873 -5.858974 3.034459
v -77.953621 -5.981461 3.034459
v -78.020615 -5.478861 3.034459
v -78.115349 -5.384123 3.034459
v -78.087601 -5.506609 3.034459
v -77.925873 -5.384123 3.034459
v -77.953621 -5.506609 3.034459
v -78.115349 -5.004010 3.034093
v -78.087601 -5.048618 3.034093
v -77.925873 -5.004010 3.034093
v -77.953621 -5.048618 3.034093
v -78.115349 -5.004010 4.101267
v -77.925873 -5.004010 4.101267
v -78.115349 -6.665991 4.101267
v -77.925873 -6.665991 4.101267
v -78.020615 -6.665990 3.891340
v -78.115349 -6.547276 3.891340
v -78.115349 -6.665990 3.891340
v -78.087601 -6.638242 3.891340
v -78.020615 -6.191138 3.891340
v -78.115349 -6.072425 3.891340
v -78.115349 -6.285876 3.891340
v -78.087601 -6.163390 3.891340
v -78.020615 -5.716287 3.891340
v -78.115349 -5.597574 3.891340
v -78.115349 -5.811025 3.891340
v -78.087601 -5.688539 3.891340
v -78.020615 -5.241436 3.891340
v -78.115349 -5.122723 3.891340
v -78.115349 -5.336174 3.891340
v -78.087601 -5.213687 3.891340
v -77.925873 -6.547276 3.891340
v -77.925873 -6.665990 3.891340
v -77.953621 -6.638242 3.891340
v -77.925873 -6.072425 3.891340
v -77.925873 -6.285876 3.891340
v -77.953621 -6.163390 3.891340
v -77.925873 -5.597574 3.891340
v -77.925873 -5.811025 3.891340
v -77.953621 -5.688539 3.891340
v -77.925873 -5.122723 3.891340
v -77.925873 -5.336174 3.891340
v -77.953621 -5.213687 3.891340
v -78.020615 -6.428564 3.891340
v -78.115349 -6.333826 3.891340
v -78.087601 -6.456312 3.891340
v -77.925873 -6.333826 3.891340
v -77.953621 -6.456312 3.891340
v -78.020615 -5.953712 3.891340
v -78.115349 -5.858974 3.891340
v -78.087601 -5.981461 3.891340
v -77.925873 -5.858974 3.891340
v -77.953621 -5.981461 3.891340
v -78.020615 -5.478861 3.891340
v -78.115349 -5.384123 3.891340
v -78.087601 -5.506609 3.891340
v -77.925873 -5.384123 3.891340
v -77.953621 -5.506609 3.891340
v -78.115349 -5.004010 3.891706
v -78.087601 -5.048618 3.891706
v -77.925873 -5.004010 3.891706
v -77.953621 -5.048618 3.891706
v -78.020615 -6.665991 2.783638
v -78.020615 -5.004010 2.783638
v -78.020615 -5.004010 4.142161
v -78.020615 -6.665991 4.142161
v -78.020897 -5.020733 3.034093
v -78.020897 -5.020733 3.891706
v -78.115349 -2.602005 2.824532
v -77.925873 -2.602005 2.824532
v -78.115349 -5.004010 2.824532
v -77.925873 -5.004010 2.824532
v -78.020615 -4.738836 3.034459
v -78.115349 -4.620123 3.034459
v -78.115349 -4.833575 3.034459
v -78.087601 -4.711088 3.034459
v -78.020615 -4.263985 3.034459
v -78.115349 -4.145272 3.034459
v -78.115349 -4.358723 3.034459
v -78.087601 -4.236237 3.034459
v -78.020615 -3.789134 3.034459
v -78.115349 -3.670420 3.034459
v -78.115349 -3.883872 3.034459
v -78.087601 -3.761385 3.034459
v -78.020615 -3.314281 3.034459
v -78.115349 -3.195569 3.034459
v -78.115349 -3.409020 3.034459
v -78.087601 -3.286534 3.034459
v -78.020615 -2.839431 3.034459
v -78.115349 -2.720717 3.034459
v -78.115349 -2.934169 3.034459
v -78.087601 -2.811682 3.034459
v -77.925873 -4.620123 3.034459
v -77.925873 -4.833575 3.034459
v -77.953621 -4.711088 3.034459
v -77.925873 -4.145272 3.034459
v -77.925873 -4.358723 3.034459
v -77.953621 -4.236237 3.034459
v -77.925873 -3.670420 3.034459
v -77.925873 -3.883872 3.034459
v -77.953621 -3.761385 3.034459
v -77.925873 -3.195569 3.034459
v -77.925873 -3.409020 3.034459
v -77.953621 -3.286534 3.034459
v -77.925873 -2.720717 3.034459
v -77.925873 -2.934169 3.034459
v -77.953621 -2.811682 3.034459
v -78.115349 -5.004010 3.034459
v -77.925873 -5.004010 3.034459
v -78.020615 -4.501410 3.034459
v -78.115349 -4.406672 3.034459
v -78.087601 -4.529159 3.034459
v -77.925873 -4.406672 3.034459
v -77.953621 -4.529159 3.034459
v -78.020615 -4.026559 3.034459
v -78.115349 -3.931821 3.034459
v -78.087601 -4.054307 3.034459
v -77.925873 -3.931821 3.034459
v -77.953621 -4.054307 3.034459
v -78.020615 -3.551708 3.034459
v -78.115349 -3.456969 3.034459
v -78.087601 -3.579455 3.034459
v -77.925873 -3.456969 3.034459
v -77.953621 -3.579455 3.034459
v -78.020615 -3.076856 3.034459
v -78.115349 -2.982118 3.034459
v -78.087601 -3.104604 3.034459
v -77.925873 -2.982118 3.034459
v -77.953621 -3.104604 3.034459
v -78.115349 -2.602005 3.034093
v -78.087601 -2.646614 3.034093
v -77.925873 -2.602005 3.034093
v -77.953621 -2.646614 3.034093
v -78.115349 -2.602005 4.101267
v -77.925873 -2.602005 4.101267
v -78.115349 -5.004010 4.101267
v -77.925873 -5.004010 4.101267
v -78.020615 -4.738836 3.891340
v -78.115349 -4.620123 3.891340
v -78.115349 -4.833575 3.891340
v -78.087601 -4.711088 3.891340
v -78.020615 -4.263985 3.891340
v -78.115349 -4.145272 3.891340
v -78.115349 -4.358723 3.891340
v -78.087601 -4.236237 3.891340
v -78.020615 -3.789134 3.891340
v -78.115349 -3.670420 3.891340
v -78.115349 -3.883872 3.891340
v -78.087601 -3.761385 3.891340
v -78.020615 -3.314281 3.891340
v -78.115349 -3.195569 3.891340
v -78.115349 -3.409020 3.891340
v -78.087601 -3.286534 3.891340
v -78.020615 -2.839431 3.891340
v -78.115349 -2.720717 3.891340
v -78.115349 -2.934169 3.891340
v -78.087601 -2.811682 3.891340
v -77.925873 -4.620123 3.891340
v -77.925873 -4.833575 3.891340
v -77.953621 -4.711088 3.891340
v -77.925873 -4.145272 3.891340
v -77.925873 -4.358723 3.891340
v -77.953621 -4.236237 3.891340
v -77.925873 -3.670420 3.891340
v -77.925873 -3.883872 3.891340
v -77.953621 -3.761385 3.891340
v -77.925873 -3.195569 3.891340
v -77.925873 -3.409020 3.891340
v -77.953621 -3.286534 3.891340
v -77.925873 -2.720717 3.891340
v -77.925873 -2.934169 3.891340
v -77.953621 -2.811682 3.891340
v -78.115349 -5.004010 3.891340
v -77.925873 -5.004010 3.891340
v -78.020615 -4.501410 3.891340
v -78.115349 -4.406672 3.891340
v -78.087601 -4.529159 3.891340
v -77.925873 -4.406672 3.891340
v -77.953621 -4.529159 3.891340
v -78.020615 -4.026559 3.891340
v -78.115349 -3.931821 3.891340
v -78.087601 -4.054307 3.891340
v -77.925873 -3.931821 3.891340
v -77.953621 -4.054307 3.891340
v -78.020615 -3.551708 3.891340
v -78.115349 -3.456969 3.891340
v -78.087601 -3.579455 3.891340
v -77.925873 -3.456969 3.891340
v -77.953621 -3.579455 3.891340
v -78.020615 -3.076856 3.891340
v -78.115349 -2.982118 3.891340
v -78.087601 -3.104604 3.891340
v -77.925873 -2.982118 3.891340
v -77.953621 -3.104604 3.891340
v -78.115349 -2.602005 3.891706
v -78.087601 -2.646614 3.891706
v -77.925873 -2.602005 3.891706
v -77.953621 -2.646614 3.891706
v -78.020615 -5.004010 2.783638
v -78.020615 -2.602005 2.783638
v -78.020615 -2.602005 4.142161
v -78.020615 -5.004010 4.142161
v -78.020897 -2.618728 3.034093
v -78.020897 -2.618728 3.891706
v -78.115349 -0.200000 2.824532
v -77.925873 -0.200000 2.824532
v -78.115349 -2.602005 2.824532
v -77.925873 -2.602005 2.824532
v -78.020615 -2.336831 3.034459
v -78.115349 -2.218118 3.034459
v -78.115349 -2.431569 3.034459
v -78.087601 -2.309083 3.034459
v -78.020615 -1.861980 3.034459
v -78.115349 -1.743267 3.034459
v -78.115349 -1.956718 3.034459
v -78.087601 -1.834231 3.034459
v -78.020615 -1.387128 3.034459
v -78.115349 -1.268415 3.034459
v -78.115349 -1.481866 3.034459
v -78.087601 -1.359380 3.034459
v -78.020615 -0.912277 3.034459
v -78.115349 -0.793564 3.034459
v -78.115349 -1.007015 3.034459
v -78.087601 -0.884528 3.034459
v -78.020615 -0.437425 3.034459
v -78.115349 -0.318713 3.034459
v -78.115349 -0.532163 3.034459
v -78.087601 -0.409677 3.034459
v -77.925873 -2.218118 3.034459
v -77.925873 -2.431569 3.034459
v -77.953621 -2.309083 3.034459
v -77.925873 -1.743267 3.034459
v -77.925873 -1.956718 3.034459
v -77.953621 -1.834231 3.034459
v -77.925873 -1.268415 3.034459
v -77.925873 -1.481866 3.034459
v -77.953621 -1.359380 3.034459
v -77.925873 -0.793564 3.034459
v -77.925873 -1.007015 3.034459
v -77.953621 -0.884528 3.034459
v -77.925873 -0.318713 3.034459
v -77.925873 -0.532163 3.034459
v -77.953621 -0.409677 3.034459
v -78.115349 -2.602005 3.034459
v -77.925873 -2.602005 3.034459
v -78.020615 -2.099405 3.034459
v -78.115349 -2.004667 3.034459
v -78.087601 -2.127154 3.034459
v -77.925873 -2.004667 3.034459
v -77.953621 -2.127154 3.034459
v -78.020615 -1.624554 3.034459
v -78.115349 -1.529816 3.034459
v -78.087601 -1.652302 3.034459
v -77.925873 -1.529816 3.034459
v -77.953621 -1.652302 3.034459
v -78.020615 -1.149702 3.034459
v -78.115349 -1.054964 3.034459
v -78.087601 -1.177451 3.034459
v -77.925873 -1.054964 3.034459
v -77.953621 -1.177451 3.034459
v -78.020615 -0.674851 3.034459
v -78.115349 -0.580112 3.034459
v -78.087601 -0.702599 3.034459
v -77.925873 -0.580112 3.034459
v -77.953621 -0.702599 3.034459
v -78.115349 -0.200000 3.034093
v -78.087601 -0.244608 3.034093
v -77.925873 -0.200000 3.034093
v -77.953621 -0.244608 3.034093
v -78.115349 -0.200000 4.101267
v -77.925873 -0.200000 4.101267
v -78.115349 -2.602005 4.101267
v -77.925873 -2.602005 4.101267
v -78.020615 -2.336831 3.891340
v -78.115349 -2.218118 3.891340
v -78.115349 -2.431569 3.891340
v -78.087601 -2.309083 3.891340
v -78.020615 -1.861980 3.891340
v -78.115349 -1.743267 3.891340
v -78.115349 -1.956718 3.891340
v -78.087601 -1.834231 3.891340
v -78.020615 -1.387128 3.891340
v -78.115349 -1.268415 3.891340
v -78.115349 -1.481866 3.891340
v -78.087601 -1.359380 3.891340
v -78.020615 -0.912277 3.891340
v -78.115349 -0.793564 3.891340
v -78.115349 -1.007015 3.891340
v -78.087601 -0.884528 3.891340
v -78.020615 -0.437425 3.891340
v -78.115349 -0.318713 3.891340
v -78.115349 -0.532163 3.891340
v -78.087601 -0.409677 3.891340
v -77.925873 -2.218118 3.891340
v -77.925873 -2.431569 3.891340
v -77.953621 -2.309083 3.891340
v -77.925873 -1.743267 3.891340
v -77.925873 -1.956718 3.891340
v -77.953621 -1.834231 3.891340
v -77.925873 -1.268415 3.891340
v -77.925873 -1.481866 3.891340
v -77.953621 -1.359380 3.891340
v -77.925873 -0.793564 3.891340
v -77.925873 -1.007015 3.891340
v -77.953621 -0.884528 3.891340
v -77.925873 -0.318713 3.891340
v -77.925873 -0.532163 3.891340
v -77.953621 -0.409677 3.891340
v -78.115349 -2.602005 3.891340
v -77.925873 -2.602005 3.891340
v -78.020615 -2.099405 3.891340
v -78.115349 -2.004667 3.891340
v -78.087601 -2.127154 3.891340
v -77.925873 -2.004667 3.891340
v -77.953621 -2.127154 3.891340
v -78.020615 -1.624554 3.891340
v -78.115349 -1.529816 3.891340
v -78.087601 -1.652302 3.891340
v -77.925873 -1.529816 3.891340
v -77.953621 -1.652302 3.891340
v -78.020615 -1.149702 3.891340
v -78.115349 -1.054964 3.891340
v -78.087601 -1.177451 3.891340
v -77.925873 -1.054964 3.891340
v -77.953621 -1.177451 3.891340
v -78.020615 -0.674851 3.891340
v -78.115349 -0.580112 3.891340
v -78.087601 -0.702599 3.891340
v -77.925873 -0.580112 3.891340
v -77.953621 -0.702599 3.891340
v -78.115349 -0.200000 3.891706
v -78.087601 -0.244608 3.891706
v -77.925873 -0.200000 3.891706
v -77.953621 -0.244608 3.891706
v -78.020615 -2.602005 2.783638
v -78.020615 -0.200000 2.783638
v -78.020615 -0.200000 4.142161
v -78.020615 -2.602005 4.142161
v -78.020897 -0.216723 3.034093
v -78.020897 -0.216723 3.891706
vn -0.8315 0.5556 -0.0000
vn -0.0000 1.0000 -0.0000
vn 0.8315 -0.5556 -0.0000
vn -0.0000 -1.0000 -0.0000
vn -0.8315 -0.5556 -0.0000
vn -1.0000 -0.0000 -0.0000
vn 0.8315 0.5556 -0.0000
vn 1.0000 -0.0000 -0.0000
vn -0.0000 -0.0000 1.0000
vn -0.8315 -0.5555 -0.0000
vn 0.8356 -0.0000 -0.5494
vn -0.0000 -0.0000 -1.0000
vn 0.8315 -0.5555 -0.0000
vn 0.0050 0.0031 1.0000
vn 0.0028 0.0017 1.0000
vn 0.0018 0.0011 1.0000
vn -0.0028 0.0017 1.0000
vn -0.0018 0.0011 1.0000
vn -0.0050 0.0031 1.0000
vn 0.8356 -0.0000 0.5494
vn 0.9338 -0.0000 0.3578
vn 0.0050 0.0031 -1.0000
vn 0.0018 0.0011 -1.0000
vn 0.0028 0.0017 -1.0000
vn -0.0028 0.0017 -1.0000
vn -0.0018 0.0011 -1.0000
vn -0.0050 0.0031 -1.0000
vn -1.0000 0.0001 -0.0000
vn -0.8318 0.5551 -0.0000
vn 0.8310 0.5563 -0.0000
vn 1.0000 0.0001 -0.0000
vn -0.3963 -0.0000 -0.9181
vn -0.3963 -0.0000 0.9181
vn -0.0015 1.0000 -0.0000
vn 0.9338 -0.0000 -0.3578
vn -0.8356 -0.0000 -0.5494
vn -0.8356 -0.0000 0.5494
vt 0.491690 0.552172
vt 0.491690 0.445872
vt 0.500001 0.445872
vt 0.500001 0.552172
vt 0.508311 0.445872
vt 0.508311 0.552172
vt 0.552172 0.260911
vt 0.445872 0.260911
vt 0.445872 0.272196
vt 0.445872 0.283480
vt 0.552172 0.283480
vt 0.552172 0.272196
vt 0.491690 0.202004
vt 0.488248 0.213288
vt 0.488248 0.186809
vt 0.491690 0.260911
vt 0.488248 0.272196
vt 0.488248 0.245716
vt 0.491690 0.319818
vt 0.488248 0.331103
vt 0.488248 0.304623
vt 0.491690 0.378726
vt 0.488248 0.390010
vt 0.488248 0.363531
vt 0.511753 0.213288
vt 0.508311 0.202004
vt 0.511753 0.186809
vt 0.511753 0.272196
vt 0.508311 0.260911
vt 0.511753 0.245716
vt 0.511753 0.331103
vt 0.508311 0.319818
vt 0.511753 0.304623
vt 0.511753 0.390010
vt 0.508311 0.378726
vt 0.511753 0.363531
vt 0.500001 0.257469
vt 0.488248 0.239768
vt 0.491690 0.224573
vt 0.500001 0.228015
vt 0.508311 0.224573
vt 0.511753 0.239768
vt 0.500001 0.316376
vt 0.488248 0.298675
vt 0.491690 0.283480
vt 0.500001 0.286922
vt 0.508311 0.283480
vt 0.511753 0.298675
vt 0.500001 0.375283
vt 0.488248 0.357583
vt 0.491690 0.342388
vt 0.500001 0.345830
vt 0.508311 0.342388
vt 0.511753 0.357583
vt 0.445872 0.202004
vt 0.445872 0.213288
vt 0.445872 0.224573
vt 0.552172 0.224573
vt 0.552172 0.213288
vt 0.552172 0.202004
vt 0.552172 0.342388
vt 0.445872 0.342388
vt 0.445872 0.331103
vt 0.445872 0.319818
vt 0.552172 0.319818
vt 0.552172 0.331103
vt 0.511753 0.106758
vt 0.500001 0.106758
vt 0.500001 0.404737
vt 0.511753 0.404737
vt 0.491690 0.399203
vt 0.488248 0.404737
vt 0.508311 0.399203
vt 0.511753 0.404737
vt 0.499965 0.402663
vt 0.511753 0.578214
vt 0.500001 0.583287
vt 0.488248 0.578214
vt 0.488248 0.552217
vt 0.511753 0.552217
vt 0.115899 0.937500
vt 0.115899 -0.062500
vt 0.242211 -0.062500
vt 0.242211 0.008929
vt 0.242211 0.137361
vt 0.242211 0.166211
vt 0.242211 0.294643
vt 0.242211 0.423075
vt 0.242211 0.451926
vt 0.242211 0.580357
vt 0.242211 0.708789
vt 0.242211 0.737640
vt 0.242211 0.866071
vt 0.241991 0.937500
vt 0.242211 0.937500
vt 0.511753 0.419829
vt 0.511753 0.445826
vt 0.488248 0.445826
vt 0.488248 0.419829
vt 0.500001 0.414756
vt 0.445872 0.390010
vt 0.445826 0.399203
vt 0.552217 0.399203
vt 0.552172 0.390010
vt 0.552172 0.378726
vt 0.445872 0.378726
vt 0.488248 0.106758
vt 0.488248 0.404737
vt 0.491690 0.552217
vt 0.491690 0.445826
vt 0.499965 0.445826
vt 0.499965 0.552217
vt 0.508311 0.445826
vt 0.508311 0.552217
vt 0.445872 0.452360
vt 0.445872 0.441075
vt 0.552172 0.441075
vt 0.552172 0.452360
vt 0.552172 0.463645
vt 0.445872 0.463645
vt 0.488248 0.404737
vt 0.511753 0.404737
vt 0.511753 0.425880
vt 0.500001 0.437633
vt 0.488248 0.425880
vt 0.552172 0.558890
vt 0.445872 0.558890
vt 0.445872 0.570175
vt 0.445872 0.581459
vt 0.552172 0.581459
vt 0.552172 0.570175
vt 0.491690 0.441075
vt 0.488248 0.452360
vt 0.491690 0.499983
vt 0.488248 0.511267
vt 0.488248 0.484788
vt 0.491690 0.558890
vt 0.488248 0.570175
vt 0.488248 0.543695
vt 0.491690 0.617798
vt 0.488248 0.629082
vt 0.488248 0.602603
vt 0.491690 0.676705
vt 0.488248 0.687990
vt 0.488248 0.661510
vt 0.511753 0.452360
vt 0.508311 0.441075
vt 0.511753 0.511267
vt 0.508311 0.499983
vt 0.511753 0.484788
vt 0.511753 0.570175
vt 0.508311 0.558890
vt 0.511753 0.543695
vt 0.511753 0.629082
vt 0.508311 0.617798
vt 0.511753 0.602603
vt 0.500001 0.496541
vt 0.488248 0.478840
vt 0.491690 0.463645
vt 0.500001 0.467087
vt 0.508311 0.463645
vt 0.511753 0.478840
vt 0.511753 0.687990
vt 0.508311 0.676705
vt 0.511753 0.661510
vt 0.578214 0.702716
vt 0.552217 0.702716
vt 0.552172 0.687990
vt 0.552172 0.661510
vt 0.552172 0.655562
vt 0.552172 0.629082
vt 0.552172 0.602603
vt 0.552172 0.596654
vt 0.552172 0.543695
vt 0.552172 0.537747
vt 0.552172 0.511267
vt 0.552172 0.484788
vt 0.552172 0.478840
vt 0.552172 0.425880
vt 0.552172 0.404737
vt 0.578214 0.404737
vt 0.552172 0.404737
vt 0.500001 0.555448
vt 0.488248 0.537747
vt 0.491690 0.522552
vt 0.500001 0.525994
vt 0.508311 0.522552
vt 0.511753 0.537747
vt 0.500001 0.614355
vt 0.488248 0.596654
vt 0.491690 0.581459
vt 0.500001 0.584902
vt 0.508311 0.581459
vt 0.511753 0.596654
vt 0.500001 0.673263
vt 0.488248 0.655562
vt 0.491690 0.640367
vt 0.500001 0.643809
vt 0.508311 0.640367
vt 0.511753 0.655562
vt 0.445872 0.499983
vt 0.445872 0.511267
vt 0.445872 0.522552
vt 0.552172 0.522552
vt 0.552172 0.499983
vt 0.552172 0.640367
vt 0.445872 0.640367
vt 0.445872 0.629082
vt 0.445872 0.617798
vt 0.552172 0.617798
vt 0.500001 0.702716
vt 0.511753 0.702716
vt 0.491690 0.697183
vt 0.488248 0.702716
vt 0.508311 0.697183
vt 0.511753 0.702716
vt 0.499965 0.700642
vt 0.419829 0.702716
vt 0.419829 0.404737
vt 0.445872 0.404737
vt 0.445872 0.425880
vt 0.445872 0.478840
vt 0.445872 0.484788
vt 0.445872 0.537747
vt 0.445872 0.543695
vt 0.445872 0.596654
vt 0.445872 0.602603
vt 0.445872 0.655562
vt 0.445872 0.661510
vt 0.445872 0.687990
vt 0.445826 0.702716
vt 0.445872 0.404737
vt 0.445826 0.697183
vt 0.552217 0.697183
vt 0.552172 0.676705
vt 0.445872 0.676705
vt 0.488248 0.702716
vt 0.445872 0.750339
vt 0.445872 0.739055
vt 0.552172 0.739055
vt 0.552172 0.750339
vt 0.552172 0.761624
vt 0.445872 0.761624
vt 0.488248 0.702717
vt 0.511753 0.702717
vt 0.511753 0.723860
vt 0.500001 0.735613
vt 0.488248 0.723860
vt 0.552172 0.856870
vt 0.445872 0.856870
vt 0.445872 0.868154
vt 0.445872 0.879439
vt 0.552172 0.879439
vt 0.552172 0.868154
vt 0.491690 0.739055
vt 0.488248 0.750339
vt 0.491690 0.797962
vt 0.488248 0.809247
vt 0.488248 0.782767
vt 0.491690 0.856870
vt 0.488248 0.868154
vt 0.488248 0.841675
vt 0.491690 0.915777
vt 0.488248 0.927062
vt 0.488248 0.900582
vt 0.491690 0.974684
vt 0.488248 0.985969
vt 0.488248 0.959489
vt 0.511753 0.750339
vt 0.508311 0.739055
vt 0.511753 0.809247
vt 0.508311 0.797962
vt 0.511753 0.782767
vt 0.511753 0.868154
vt 0.508311 0.856870
vt 0.511753 0.841675
vt 0.511753 0.927062
vt 0.508311 0.915777
vt 0.511753 0.900582
vt 0.500001 0.794520
vt 0.488248 0.776819
vt 0.491690 0.761624
vt 0.500001 0.765066
vt 0.508311 0.761624
vt 0.511753 0.776819
vt 0.511753 0.985969
vt 0.508311 0.974684
vt 0.511753 0.959489
vt 0.578214 1.000696
vt 0.552217 1.000696
vt 0.552172 0.985969
vt 0.552172 0.959489
vt 0.552172 0.953541
vt 0.552172 0.927062
vt 0.552172 0.900582
vt 0.552172 0.894634
vt 0.552172 0.841675
vt 0.552172 0.835726
vt 0.552172 0.809247
vt 0.552172 0.782767
vt 0.552172 0.776819
vt 0.552172 0.723860
vt 0.552172 0.702717
vt 0.578214 0.702717
vt 0.500001 0.853427
vt 0.488248 0.835726
vt 0.491690 0.820531
vt 0.500001 0.823974
vt 0.508311 0.820531
vt 0.511753 0.835726
vt 0.500001 0.912335
vt 0.488248 0.894634
vt 0.491690 0.879439
vt 0.500001 0.882881
vt 0.508311 0.879439
vt 0.511753 0.894634
vt 0.500001 0.971242
vt 0.488248 0.953541
vt 0.491690 0.938346
vt 0.500001 0.941788
vt 0.508311 0.938346
vt 0.511753 0.953541
vt 0.445872 0.797962
vt 0.445872 0.809247
vt 0.445872 0.820531
vt 0.552172 0.820531
vt 0.552172 0.797962
vt 0.552172 0.938346
vt 0.445872 0.938346
vt 0.445872 0.927062
vt 0.445872 0.915777
vt 0.552172 0.915777
vt 0.511753 0.702717
vt 0.500001 0.702717
vt 0.500001 1.000696
vt 0.511753 1.000696
vt 0.491690 0.995162
vt 0.488248 1.000696
vt 0.508311 0.995162
vt 0.511753 1.000696
vt 0.499965 0.998621
vt 0.419829 1.000696
vt 0.419829 0.702717
vt 0.445872 0.702717
vt 0.445872 0.723860
vt 0.445872 0.776819
vt 0.445872 0.782767
vt 0.445872 0.835726
vt 0.445872 0.841675
vt 0.445872 0.894634
vt 0.445872 0.900582
vt 0.445872 0.953541
vt 0.445872 0.959489
vt 0.445872 0.985969
vt 0.445826 1.000696
vt 0.445826 0.995162
vt 0.552217 0.995162
vt 0.552172 0.974684
vt 0.445872 0.974684
vt 0.488248 0.702717
vt 0.488248 1.000696
vt 0.884101 0.937500
vt 0.757789 0.937500
vt 0.758009 0.937500
vt 0.757789 0.866071
vt 0.757789 0.737640
vt 0.757789 0.708789
vt 0.757789 0.580357
vt 0.757789 0.451926
vt 0.757789 0.423075
vt 0.757789 0.294643
vt 0.757789 0.166211
vt 0.757789 0.137361
vt 0.757789 0.008929
vt 0.757789 -0.062500
vt 0.884101 -0.062500
s 1
g Ladder_3_Old_metal_plate
usemtl Old_metal_plate
f 1309/1401/288 1360/1402/288 1358/1403/289 1307/1404/289
f 1344/1405/290 1328/1403/291 1276/1404/291 1293/1406/290
s 2
f 1275/1407/292 1327/1408/292 1325/1409/293 1355/1410/288 1304/1411/288 1273/1412/293
f 1357/1410/294 1339/1409/295 1341/1408/290 1290/1407/290 1288/1412/295 1306/1411/294
s 3
f 1271/1413/296 1269/1414/296 1270/1415/296
s 4
f 1275/1416/296 1273/1417/296 1274/1418/296
s 5
f 1279/1419/296 1277/1420/296 1278/1421/296
s 6
f 1283/1422/296 1281/1423/296 1282/1424/296
s 7
f 1285/1425/296 1287/1426/296 1286/1427/296
s 4
f 1288/1428/296 1290/1429/296 1289/1430/296
s 5
f 1291/1431/296 1293/1432/296 1292/1433/296
s 6
f 1294/1434/296 1296/1435/296 1295/1436/296
s 4
f 1272/1437/296 1275/1416/296 1274/1418/296 1298/1438/296 1299/1439/296 1297/1440/296 1301/1441/296 1300/1442/296 1289/1430/296 1290/1429/296
f 1269/1414/296 1299/1439/296 1298/1438/296
s 5
f 1276/1443/296 1279/1419/296 1278/1421/296 1303/1444/296 1304/1445/296 1302/1446/296 1306/1447/296 1305/1448/296 1292/1433/296 1293/1432/296
s 4
f 1301/1441/296 1285/1425/296 1300/1442/296
s 5
f 1273/1417/296 1304/1445/296 1303/1444/296
s 6
f 1280/1449/296 1283/1422/296 1282/1424/296 1308/1450/296 1309/1451/296 1307/1452/296 1311/1453/296 1310/1454/296 1295/1436/296 1296/1435/296
s 5
f 1306/1447/296 1288/1428/296 1305/1448/296
s 6
f 1277/1420/296 1309/1451/296 1308/1450/296
f 1311/1453/296 1291/1431/296 1310/1454/296
s 8
f 1323/1455/292 1321/1456/293 1350/1457/288 1299/1458/288 1269/1459/293 1271/1460/292
s 9
f 1332/1403/291 1335/1402/297 1283/1401/297 1280/1404/291
s 8
f 1320/1403/291 1323/1402/292 1271/1401/292 1268/1404/291
f 1299/1401/288 1350/1402/288 1348/1403/289 1297/1404/289
s 1
f 1276/1404/291 1328/1403/291 1331/1402/292 1279/1401/292
s 2
f 1353/1403/289 1357/1405/294 1306/1406/294 1302/1404/289
f 1290/1406/290 1341/1405/290 1324/1403/291 1272/1404/291
f 1272/1404/291 1324/1403/291 1327/1402/292 1275/1401/292
s 1
f 1358/1403/289 1362/1405/294 1311/1406/294 1307/1404/289
s 8
f 1287/1406/290 1338/1405/290 1320/1403/291 1268/1404/291
s 1
f 1311/1461/294 1362/1462/294 1342/1463/295 1344/1464/290 1293/1465/290 1291/1466/295
s 8
f 1352/1457/294 1336/1456/295 1338/1455/290 1287/1460/290 1285/1459/295 1301/1458/294
f 1348/1403/289 1352/1405/294 1301/1406/294 1297/1404/289
s 10
f 1267/1467/298 1367/1468/299 1368/1469/299 1265/1470/298
s 9
f 1296/1406/300 1347/1405/300 1332/1403/291 1280/1404/291
s 2
f 1355/1402/288 1353/1403/289 1302/1404/289 1304/1401/288
s 11
f 1281/1423/301 1313/1471/302 1312/1472/303
f 1315/1473/304 1314/1474/305 1312/1472/303 1313/1471/302 1371/1475/296
f 1294/1434/306 1314/1474/305 1315/1473/304
s 12
f 1265/1476/289 1368/1477/289 1264/1478/289 1312/1479/289 1314/1480/289
s 13
f 1323/1413/299 1322/1415/299 1321/1414/299
s 14
f 1327/1416/299 1326/1418/299 1325/1417/299
s 15
f 1331/1419/299 1330/1421/299 1329/1420/299
s 16
f 1335/1422/299 1334/1424/299 1333/1423/299
s 17
f 1336/1425/299 1337/1427/299 1338/1426/299
s 14
f 1339/1428/299 1340/1430/299 1341/1429/299
s 15
f 1342/1431/299 1343/1433/299 1344/1432/299
s 16
f 1345/1434/299 1346/1436/299 1347/1435/299
f 1334/1424/299 1335/1422/299 1332/1449/299 1347/1435/299 1346/1436/299 1361/1454/299 1362/1453/299 1358/1452/299 1360/1451/299 1359/1450/299
s 18
f 1317/1481/307 1319/1482/307 1337/1483/295 1336/1484/295 1351/1485/295 1340/1486/295 1339/1487/295 1356/1488/295 1343/1489/295 1342/1490/295 1361/1491/295 1346/1492/295 1345/1493/295 1365/1494/295 1478/1495/295 1441/1481/308
s 14
f 1326/1418/299 1327/1416/299 1324/1437/299 1341/1429/299 1340/1430/299 1351/1442/299 1352/1441/299 1348/1440/299 1350/1439/299 1349/1438/299
f 1321/1414/299 1349/1438/299 1350/1439/299
f 1352/1441/299 1351/1442/299 1336/1425/299
s 15
f 1325/1417/299 1354/1444/299 1355/1445/299
f 1344/1432/299 1343/1433/299 1356/1448/299 1357/1447/299 1353/1446/299 1355/1445/299 1354/1444/299 1330/1421/299 1331/1419/299 1328/1443/299
f 1357/1447/299 1356/1448/299 1339/1428/299
s 16
f 1329/1420/299 1359/1450/299 1360/1451/299
f 1362/1453/299 1361/1454/299 1342/1431/299
s 18
f 1369/1469/296 1370/1468/296 1319/1467/307 1317/1470/307
s 19
f 1333/1423/309 1363/1472/310 1364/1471/311
f 1366/1473/312 1372/1475/299 1364/1471/311 1363/1472/310 1365/1474/313
f 1345/1434/314 1366/1473/312 1365/1474/313
s 20
f 1317/1496/289 1365/1497/289 1363/1498/289 1316/1499/289 1369/1500/289
s 1
f 1329/1463/293 1360/1462/288 1309/1461/288 1277/1466/293 1279/1465/292 1331/1464/292
s 9
f 1333/1501/315 1364/1502/316 1313/1503/316 1281/1504/315 1283/1505/297 1335/1506/297
f 1366/1502/317 1345/1501/318 1347/1506/300 1296/1505/300 1294/1504/318 1315/1503/317
s 10
f 1368/1469/299 1367/1468/299 1266/1507/319 1264/1508/319
s 18
f 1369/1469/296 1316/1508/320 1318/1507/320 1370/1468/296
s 9
f 1313/1509/316 1364/1510/316 1372/1511/321 1371/1512/321
f 1366/1513/317 1315/1514/317 1371/1512/321 1372/1511/321
s 21
f 1481/1402/288 1479/1403/289 1414/1404/289 1416/1401/288
f 1462/1515/295 1464/1516/290 1399/1517/290 1397/1518/295 1418/1519/294 1483/1520/294
s 22
f 1431/1401/288 1496/1402/288 1494/1403/289 1429/1404/289
s 23
f 1412/1521/296 1413/1522/296 1398/1523/296 1377/1524/296 1379/1525/296
s 22
f 1473/1405/290 1454/1403/291 1389/1404/291 1408/1406/290
s 24
f 1388/1526/292 1453/1527/292 1451/1528/293 1491/1529/288 1426/1530/288 1386/1531/293
s 21
f 1414/1404/289 1479/1403/289 1483/1405/294 1418/1406/294
s 24
f 1493/1529/294 1468/1528/295 1470/1527/290 1405/1526/290 1403/1531/295 1428/1530/294
s 23
f 1377/1524/296 1380/1532/296 1379/1525/296
f 1380/1532/296 1378/1533/296 1379/1525/296
s 25
f 1384/1534/296 1382/1535/296 1383/1536/296
s 26
f 1388/1537/296 1386/1538/296 1387/1539/296
s 27
f 1392/1540/296 1390/1541/296 1391/1542/296
s 28
f 1396/1543/296 1394/1544/296 1395/1545/296
s 23
f 1397/1546/296 1399/1547/296 1398/1523/296
f 1399/1547/296 1377/1524/296 1398/1523/296
s 25
f 1400/1548/296 1402/1549/296 1401/1550/296
s 26
f 1403/1551/296 1405/1552/296 1404/1553/296
s 27
f 1406/1554/296 1408/1555/296 1407/1556/296
s 25
f 1381/1557/296 1384/1534/296 1383/1536/296 1415/1558/296 1416/1559/296 1414/1560/296 1418/1561/296 1417/1562/296 1401/1550/296 1402/1549/296
s 28
f 1409/1563/296 1411/1564/296 1410/1565/296
s 10
f 1374/1566/298 1436/1567/295 1409/1568/295 1410/1569/295 1432/1570/295 1406/1571/295 1407/1572/295 1427/1573/295 1403/1531/295 1404/1574/295 1422/1575/295 1400/1576/295 1401/1577/295 1417/1578/295 1397/1518/295 1398/1579/295 1413/1580/295 1376/1581/322
f 1375/1581/323 1412/1582/293 1379/1579/293 1378/1518/293 1415/1578/293 1383/1577/293 1382/1576/293 1420/1575/293 1387/1574/293 1386/1531/293 1425/1573/293 1391/1572/293 1390/1571/293 1430/1570/293 1395/1569/293 1394/1568/293 1434/1567/293 1373/1566/323
s 25
f 1378/1533/296 1416/1559/296 1415/1558/296
s 26
f 1385/1583/296 1388/1537/296 1387/1539/296 1420/1584/296 1421/1585/296 1419/1586/296 1423/1587/296 1422/1588/296 1404/1553/296 1405/1552/296
s 25
f 1418/1561/296 1397/1546/296 1417/1562/296
s 26
f 1382/1535/296 1421/1585/296 1420/1584/296
s 27
f 1389/1589/296 1392/1540/296 1391/1542/296 1425/1590/296 1426/1591/296 1424/1592/296 1428/1593/296 1427/1594/296 1407/1556/296 1408/1555/296
s 26
f 1423/1587/296 1400/1548/296 1422/1588/296
s 27
f 1386/1538/296 1426/1591/296 1425/1590/296
s 28
f 1393/1595/296 1396/1543/296 1395/1545/296 1430/1596/296 1431/1597/296 1429/1598/296 1433/1599/296 1432/1600/296 1410/1565/296 1411/1564/296
s 27
f 1428/1593/296 1403/1551/296 1427/1594/296
s 28
f 1390/1541/296 1431/1597/296 1430/1596/296
f 1433/1599/296 1406/1554/296 1432/1600/296
s 29
f 1449/1601/292 1447/1602/293 1486/1603/288 1421/1604/288 1382/1576/293 1384/1605/292
s 30
f 1458/1403/291 1461/1402/297 1396/1401/297 1393/1404/291
s 29
f 1446/1403/291 1449/1402/292 1384/1401/292 1381/1404/291
f 1421/1401/288 1486/1402/288 1484/1403/289 1419/1404/289
s 22
f 1389/1404/291 1454/1403/291 1457/1402/292 1392/1401/292
s 21
f 1380/1517/292 1445/1516/292 1443/1515/293 1481/1520/288 1416/1519/288 1378/1518/293
s 24
f 1489/1403/289 1493/1405/294 1428/1406/294 1424/1404/289
f 1405/1406/290 1470/1405/290 1450/1403/291 1385/1404/291
f 1385/1404/291 1450/1403/291 1453/1402/292 1388/1401/292
s 22
f 1494/1403/289 1498/1405/294 1433/1406/294 1429/1404/289
s 29
f 1402/1406/290 1467/1405/290 1446/1403/291 1381/1404/291
s 21
f 1442/1403/291 1445/1402/292 1380/1401/292 1377/1404/291
s 22
f 1433/1606/294 1498/1607/294 1471/1608/295 1473/1609/290 1408/1610/290 1406/1571/295
s 29
f 1488/1603/294 1465/1602/295 1467/1601/290 1402/1605/290 1400/1576/295 1423/1604/294
s 21
f 1464/1405/290 1442/1403/291 1377/1404/291 1399/1406/290
s 29
f 1484/1403/289 1488/1405/294 1423/1406/294 1419/1404/289
s 10
f 1376/1470/322 1503/1469/299 1504/1611/299 1374/1612/298
s 30
f 1411/1406/300 1476/1405/300 1458/1403/291 1393/1404/291
s 24
f 1491/1402/288 1489/1403/289 1424/1404/289 1426/1401/288
s 31
f 1394/1544/301 1435/1613/302 1434/1614/303
f 1437/1615/304 1436/1616/305 1434/1614/303 1435/1613/302 1507/1617/296
f 1409/1563/306 1436/1616/305 1437/1615/304
s 32
f 1374/1476/289 1504/1477/289 1373/1478/289 1434/1479/289 1436/1480/289
s 33
f 1444/1525/299 1445/1532/299 1442/1524/299 1464/1547/299 1463/1523/299 1478/1522/299 1477/1521/299
f 1445/1532/299 1444/1525/299 1443/1533/299
s 34
f 1449/1534/299 1448/1536/299 1447/1535/299
s 35
f 1453/1537/299 1452/1539/299 1451/1538/299
s 36
f 1457/1540/299 1456/1542/299 1455/1541/299
s 37
f 1461/1543/299 1460/1545/299 1459/1544/299
s 33
f 1462/1546/299 1463/1523/299 1464/1547/299
s 34
f 1465/1548/299 1466/1550/299 1467/1549/299
f 1448/1536/299 1449/1534/299 1446/1557/299 1467/1549/299 1466/1550/299 1482/1562/299 1483/1561/299 1479/1560/299 1481/1559/299 1480/1558/299
s 35
f 1468/1551/299 1469/1553/299 1470/1552/299
s 36
f 1471/1554/299 1472/1556/299 1473/1555/299
s 37
f 1474/1563/299 1475/1565/299 1476/1564/299
f 1460/1545/299 1461/1543/299 1458/1595/299 1476/1564/299 1475/1565/299 1497/1600/299 1498/1599/299 1494/1598/299 1496/1597/299 1495/1596/299
s 18
f 1439/1618/307 1441/1619/308 1478/1620/295 1463/1621/295 1462/1515/295 1482/1622/295 1466/1623/295 1465/1602/295 1487/1624/295 1469/1625/295 1468/1528/295 1492/1626/295 1472/1627/295 1471/1608/295 1497/1628/295 1475/1629/295 1474/1630/295 1501/1631/295
f 1440/1619/324 1438/1618/324 1499/1631/293 1459/1630/293 1460/1629/293 1495/1628/293 1455/1608/293 1456/1627/293 1490/1626/293 1451/1528/293 1452/1625/293 1485/1624/293 1447/1602/293 1448/1623/293 1480/1622/293 1443/1515/293 1444/1621/293 1477/1632/293
s 34
f 1443/1533/299 1480/1558/299 1481/1559/299
s 35
f 1452/1539/299 1453/1537/299 1450/1583/299 1470/1552/299 1469/1553/299 1487/1588/299 1488/1587/299 1484/1586/299 1486/1585/299 1485/1584/299
s 34
f 1483/1561/299 1482/1562/299 1462/1546/299
s 35
f 1447/1535/299 1485/1584/299 1486/1585/299
f 1488/1587/299 1487/1588/299 1465/1548/299
s 36
f 1451/1538/299 1490/1590/299 1491/1591/299
f 1473/1555/299 1472/1556/299 1492/1594/299 1493/1593/299 1489/1592/299 1491/1591/299 1490/1590/299 1456/1542/299 1457/1540/299 1454/1589/299
f 1493/1593/299 1492/1594/299 1468/1551/299
s 37
f 1455/1541/299 1495/1596/299 1496/1597/299
f 1498/1599/299 1497/1600/299 1471/1554/299
s 18
f 1505/1611/296 1506/1469/296 1441/1470/308 1439/1612/307
s 38
f 1459/1544/309 1499/1614/310 1500/1613/311
f 1502/1615/312 1508/1617/299 1500/1613/311 1499/1614/310 1501/1616/313
f 1474/1563/314 1502/1615/312 1501/1616/313
s 39
f 1439/1496/289 1501/1497/289 1499/1498/289 1438/1499/289 1505/1500/289
s 22
f 1455/1608/293 1496/1607/288 1431/1606/288 1390/1571/293 1392/1610/292 1457/1609/292
s 30
f 1459/1630/315 1500/1633/316 1435/1634/316 1394/1568/315 1396/1635/297 1461/1636/297
f 1502/1633/317 1474/1630/318 1476/1636/300 1411/1635/300 1409/1568/318 1437/1634/317
s 10
f 1504/1611/299 1503/1469/299 1375/1508/323 1373/1637/323
s 18
f 1505/1611/296 1438/1637/324 1440/1508/324 1506/1469/296
s 30
f 1435/1509/316 1500/1510/316 1508/1511/321 1507/1512/321
f 1502/1513/317 1437/1514/317 1507/1512/321 1508/1511/321
s 40
f 1617/1402/288 1615/1403/289 1550/1404/289 1552/1401/288
f 1598/1638/295 1600/1639/290 1535/1640/290 1533/1641/295 1554/1642/294 1619/1643/294
s 41
f 1567/1401/288 1632/1402/288 1630/1403/289 1565/1404/289
s 42
f 1548/1644/296 1549/1645/296 1534/1646/296 1513/1647/296 1515/1648/296
s 41
f 1609/1405/290 1590/1403/291 1525/1404/291 1544/1406/290
s 43
f 1524/1649/292 1589/1650/292 1587/1651/293 1627/1652/288 1562/1653/288 1522/1654/293
s 40
f 1550/1404/289 1615/1403/289 1619/1405/294 1554/1406/294
s 43
f 1629/1652/294 1604/1651/295 1606/1650/290 1541/1649/290 1539/1654/295 1564/1653/294
s 42
f 1513/1647/296 1516/1655/296 1515/1648/296
f 1516/1655/296 1514/1656/296 1515/1648/296
s 44
f 1520/1657/296 1518/1658/296 1519/1659/296
s 45
f 1524/1660/296 1522/1661/296 1523/1662/296
s 46
f 1528/1663/296 1526/1664/296 1527/1665/296
s 47
f 1532/1666/296 1530/1667/296 1531/1668/296
s 42
f 1533/1669/296 1535/1670/296 1534/1646/296
f 1535/1670/296 1513/1647/296 1534/1646/296
s 44
f 1536/1671/296 1538/1672/296 1537/1673/296
s 45
f 1539/1674/296 1541/1675/296 1540/1676/296
s 46
f 1542/1677/296 1544/1678/296 1543/1679/296
s 44
f 1517/1680/296 1520/1657/296 1519/1659/296 1551/1681/296 1552/1682/296 1550/1683/296 1554/1684/296 1553/1685/296 1537/1673/296 1538/1672/296
s 47
f 1545/1686/296 1547/1687/296 1546/1688/296
s 48
f 1510/1689/298 1572/1690/295 1545/1691/295 1546/1692/295 1568/1693/295 1542/1694/295 1543/1695/295 1563/1696/295 1539/1654/295 1540/1697/295 1558/1698/295 1536/1699/295 1537/1700/295 1553/1701/295 1533/1641/295 1534/1702/295 1549/1703/295 1512/1704/298
f 1511/1704/323 1548/1703/293 1515/1702/293 1514/1641/293 1551/1701/293 1519/1700/293 1518/1699/293 1556/1698/293 1523/1697/293 1522/1654/293 1561/1696/293 1527/1695/293 1526/1694/293 1566/1693/293 1531/1692/293 1530/1691/293 1570/1690/293 1509/1689/323
s 44
f 1514/1656/296 1552/1682/296 1551/1681/296
s 45
f 1521/1705/296 1524/1660/296 1523/1662/296 1556/1706/296 1557/1707/296 1555/1708/296 1559/1709/296 1558/1710/296 1540/1676/296 1541/1675/296
s 44
f 1554/1684/296 1533/1669/296 1553/1685/296
s 45
f 1518/1658/296 1557/1707/296 1556/1706/296
s 46
f 1525/1711/296 1528/1663/296 1527/1665/296 1561/1712/296 1562/1713/296 1560/1714/296 1564/1715/296 1563/1716/296 1543/1679/296 1544/1678/296
s 45
f 1559/1709/296 1536/1671/296 1558/1710/296
s 46
f 1522/1661/296 1562/1713/296 1561/1712/296
s 47
f 1529/1717/296 1532/1666/296 1531/1668/296 1566/1718/296 1567/1719/296 1565/1720/296 1569/1721/296 1568/1722/296 1546/1688/296 1547/1687/296
s 46
f 1564/1715/296 1539/1674/296 1563/1716/296
s 47
f 1526/1664/296 1567/1719/296 1566/1718/296
f 1569/1721/296 1542/1677/296 1568/1722/296
s 49
f 1585/1723/292 1583/1724/293 1622/1725/288 1557/1726/288 1518/1699/293 1520/1727/292
s 50
f 1594/1403/291 1597/1402/297 1532/1401/297 1529/1404/291
s 49
f 1582/1403/291 1585/1402/292 1520/1401/292 1517/1404/291
f 1557/1401/288 1622/1402/288 1620/1403/289 1555/1404/289
s 41
f 1525/1404/291 1590/1403/291 1593/1402/292 1528/1401/292
s 40
f 1516/1640/292 1581/1639/292 1579/1638/293 1617/1643/288 1552/1642/288 1514/1641/293
s 43
f 1625/1403/289 1629/1405/294 1564/1406/294 1560/1404/289
f 1541/1406/290 1606/1405/290 1586/1403/291 1521/1404/291
f 1521/1404/291 1586/1403/291 1589/1402/292 1524/1401/292
s 41
f 1630/1403/289 1634/1405/294 1569/1406/294 1565/1404/289
s 49
f 1538/1406/290 1603/1405/290 1582/1403/291 1517/1404/291
s 40
f 1578/1403/291 1581/1402/292 1516/1401/292 1513/1404/291
s 41
f 1569/1728/294 1634/1729/294 1607/1730/295 1609/1731/290 1544/1732/290 1542/1694/295
s 49
f 1624/1725/294 1601/1724/295 1603/1723/290 1538/1727/290 1536/1699/295 1559/1726/294
s 40
f 1600/1405/290 1578/1403/291 1513/1404/291 1535/1406/290
s 49
f 1620/1403/289 1624/1405/294 1559/1406/294 1555/1404/289
s 48
f 1512/1733/298 1639/1734/299 1640/1735/299 1510/1736/298
s 50
f 1547/1406/300 1612/1405/300 1594/1403/291 1529/1404/291
s 43
f 1627/1402/288 1625/1403/289 1560/1404/289 1562/1401/288
s 51
f 1530/1667/301 1571/1737/302 1570/1738/303
f 1573/1739/304 1572/1740/305 1570/1738/303 1571/1737/302 1643/1741/296
f 1545/1686/306 1572/1740/305 1573/1739/304
s 52
f 1510/1476/289 1640/1477/289 1509/1478/289 1570/1479/289 1572/1480/289
s 53
f 1580/1648/299 1581/1655/299 1578/1647/299 1600/1670/299 1599/1646/299 1614/1645/299 1613/1644/299
f 1581/1655/299 1580/1648/299 1579/1656/299
s 54
f 1585/1657/299 1584/1659/299 1583/1658/299
s 55
f 1589/1660/299 1588/1662/299 1587/1661/299
s 56
f 1593/1663/299 1592/1665/299 1591/1664/299
s 57
f 1597/1666/299 1596/1668/299 1595/1667/299
s 53
f 1598/1669/299 1599/1646/299 1600/1670/299
s 54
f 1601/1671/299 1602/1673/299 1603/1672/299
f 1584/1659/299 1585/1657/299 1582/1680/299 1603/1672/299 1602/1673/299 1618/1685/299 1619/1684/299 1615/1683/299 1617/1682/299 1616/1681/299
s 55
f 1604/1674/299 1605/1676/299 1606/1675/299
s 56
f 1607/1677/299 1608/1679/299 1609/1678/299
s 57
f 1610/1686/299 1611/1688/299 1612/1687/299
f 1596/1668/299 1597/1666/299 1594/1717/299 1612/1687/299 1611/1688/299 1633/1722/299 1634/1721/299 1630/1720/299 1632/1719/299 1631/1718/299
s 58
f 1575/1742/307 1577/1743/307 1614/1744/295 1599/1745/295 1598/1638/295 1618/1746/295 1602/1747/295 1601/1724/295 1623/1748/295 1605/1749/295 1604/1651/295 1628/1750/295 1608/1751/295 1607/1730/295 1633/1752/295 1611/1753/295 1610/1754/295 1637/1755/295
f 1576/1743/324 1574/1742/324 1635/1755/293 1595/1754/293 1596/1753/293 1631/1752/293 1591/1730/293 1592/1751/293 1626/1750/293 1587/1651/293 1588/1749/293 1621/1748/293 1583/1724/293 1584/1747/293 1616/1746/293 1579/1638/293 1580/1745/293 1613/1744/293
s 54
f 1579/1656/299 1616/1681/299 1617/1682/299
s 55
f 1588/1662/299 1589/1660/299 1586/1705/299 1606/1675/299 1605/1676/299 1623/1710/299 1624/1709/299 1620/1708/299 1622/1707/299 1621/1706/299
s 54
f 1619/1684/299 1618/1685/299 1598/1669/299
s 55
f 1583/1658/299 1621/1706/299 1622/1707/299
f 1624/1709/299 1623/1710/299 1601/1671/299
s 56
f 1587/1661/299 1626/1712/299 1627/1713/299
f 1609/1678/299 1608/1679/299 1628/1716/299 1629/1715/299 1625/1714/299 1627/1713/299 1626/1712/299 1592/1665/299 1593/1663/299 1590/1711/299
f 1629/1715/299 1628/1716/299 1604/1674/299
s 57
f 1591/1664/299 1631/1718/299 1632/1719/299
f 1634/1721/299 1633/1722/299 1607/1677/299
s 58
f 1641/1735/296 1642/1734/296 1577/1733/307 1575/1736/307
s 59
f 1595/1667/309 1635/1738/310 1636/1737/311
f 1638/1739/312 1644/1741/299 1636/1737/311 1635/1738/310 1637/1740/313
f 1610/1686/314 1638/1739/312 1637/1740/313
s 60
f 1575/1496/289 1637/1497/289 1635/1498/289 1574/1499/289 1641/1500/289
s 41
f 1591/1730/293 1632/1729/288 1567/1728/288 1526/1694/293 1528/1732/292 1593/1731/292
s 50
f 1595/1754/315 1636/1756/316 1571/1757/316 1530/1691/315 1532/1758/297 1597/1759/297
f 1638/1756/317 1610/1754/318 1612/1759/300 1547/1758/300 1545/1691/318 1573/1757/317
s 48
f 1640/1735/299 1639/1734/299 1511/1760/323 1509/1761/323
s 58
f 1641/1735/296 1574/1761/324 1576/1760/324 1642/1734/296
s 50
f 1571/1509/316 1636/1510/316 1644/1511/321 1643/1512/321
f 1638/1513/317 1573/1514/317 1643/1512/321 1644/1511/321
s 10
f 1265/1762/298 1376/1762/322 1413/1763/295 1314/1764/295 1294/1765/295 1295/1766/295 1310/1767/295 1291/1768/295 1292/1769/295 1305/1770/295 1288/1771/295 1289/1772/295 1300/1773/295 1285/1774/295 1286/1775/295 1267/1776/298
l 1266 1270
l 1284 1286
l 1318 1322
g Vent_1_Vert.006
v -65.469276 -0.949232 19.031675
v -65.469604 -0.949232 19.138165
v -65.469276 0.933852 19.031675
v -65.469604 0.933852 19.138165
v -65.469276 -0.769820 19.445570
v -65.469604 -0.769820 19.552059
v -65.469276 0.778639 19.445570
v -65.469604 0.742801 19.552059
v -65.469276 -0.949232 18.696432
v -65.469604 -0.949232 18.589943
v -65.469276 0.933852 18.696432
v -65.469604 0.933852 18.589943
v -65.469276 -0.769820 18.282537
v -65.469604 -0.769820 18.176048
v -65.469276 0.778639 18.282537
v -65.469604 0.742801 18.176048
v -66.151054 0.978783 18.864054
v -66.151054 0.847651 19.353445
v -66.151054 0.489391 19.711704
v -66.151054 0.000000 19.842836
v -66.151054 -0.489391 19.711704
v -66.151054 -0.847651 19.353445
v -66.151054 -0.978783 18.864054
v -66.151054 -0.847651 18.374662
v -66.151054 -0.489391 18.016403
v -66.151054 0.000000 17.885271
v -66.151054 0.489391 18.016403
v -66.151054 0.847651 18.374662
v -65.805443 1.000000 18.864054
v -65.805443 0.866025 19.364054
v -65.805443 0.500000 19.730080
v -65.805443 0.000000 19.864054
v -65.805443 -0.500000 19.730080
v -65.805443 -0.866025 19.364054
v -65.805443 -1.000000 18.864054
v -65.805443 -0.866025 18.364054
v -65.805443 -0.500000 17.998028
v -65.805443 0.000000 17.864054
v -65.805443 0.500000 17.998028
v -65.805443 0.866025 18.364054
v -65.368629 0.949232 18.864054
v -65.368629 0.822059 19.338671
v -65.368629 0.474616 19.686113
v -65.368629 0.000000 19.813286
v -65.368629 -0.474616 19.686113
v -65.368629 -0.822059 19.338671
v -65.368629 -0.949232 18.864054
v -65.368629 -0.822059 18.389437
v -65.368629 -0.474616 18.041994
v -65.368629 0.000000 17.914822
v -65.368629 0.474616 18.041994
v -65.368629 0.822059 18.389437
v -65.368629 0.952586 19.414030
v -65.368629 1.099952 18.864054
v -65.368629 0.549976 19.816641
v -65.368629 0.000000 19.964006
v -65.368629 -0.549976 19.816641
v -65.368629 -0.952586 19.414030
v -65.368629 -1.099952 18.864054
v -65.368629 -0.952586 18.314077
v -65.368629 -0.549976 17.911467
v -65.368629 0.000000 17.764101
v -65.368629 0.549976 17.911467
v -65.368629 0.952586 18.314077
vn 1.0000 -0.0000 0.0031
vn 1.0000 -0.0000 -0.0031
vn -0.0613 -0.4991 0.8644
vn -0.0613 -0.8644 0.4991
vn -0.1446 -0.8569 0.4947
vn -0.1446 -0.4947 0.8569
vn -0.0613 0.8644 -0.4991
vn -0.0613 0.9981 -0.0000
vn -0.1446 0.9895 -0.0000
vn -0.1446 0.8569 -0.4947
vn -0.0613 0.8644 0.4991
vn -0.0613 0.4991 0.8644
vn -0.1446 0.4947 0.8569
vn -0.1446 0.8569 0.4947
vn -0.0613 -0.4991 -0.8644
vn -0.0613 -0.0000 -0.9981
vn -0.1446 -0.0000 -0.9895
vn -0.1446 -0.4947 -0.8569
vn -0.0613 -0.9981 -0.0000
vn -0.1446 -0.9895 -0.0000
vn -0.0613 -0.0000 0.9981
vn -0.1446 -0.0000 0.9895
vn -0.0613 0.4991 -0.8644
vn -0.1446 0.4947 -0.8569
vn -0.0613 -0.8644 -0.4991
vn -0.1446 -0.8569 -0.4947
vn -0.2231 -0.0000 0.9748
vn -0.2231 0.4874 0.8442
vn -0.2231 0.4874 -0.8442
vn -0.2231 -0.0000 -0.9748
vn -0.2231 -0.8442 -0.4874
vn -0.2231 -0.9748 -0.0000
vn -0.2231 -0.4874 0.8442
vn -0.2231 0.8442 -0.4874
vn -0.2231 0.8442 0.4874
vn -0.2231 0.9748 -0.0000
vn -0.2231 -0.4874 -0.8442
vn -0.2231 -0.8442 0.4874
vn 1.0000 -0.0000 -0.0000
vn -0.0377 -0.4996 0.8654
vn -0.0377 -0.8654 0.4996
vn -0.0377 -0.9993 -0.0000
vn -0.0377 -0.8654 -0.4996
vn -0.0377 0.8654 0.4996
vn -0.0377 0.4996 0.8654
vn -0.0377 0.4996 -0.8654
vn -0.0377 0.8654 -0.4996
vn -0.0377 -0.4996 -0.8654
vn -0.0377 -0.0000 0.9993
vn -0.0377 0.9993 -0.0000
vn -0.0377 -0.0000 -0.9993
vt 0.638173 -0.000834
vt 0.638173 0.999166
vt 0.581623 0.999166
vt 0.581623 -0.000834
vt 0.418377 0.094442
vt 0.418377 0.916741
vt 0.361827 0.897710
vt 0.361827 0.094442
vt 0.135174 0.370593
vt 0.289368 0.370593
vt 0.289368 0.482017
vt 0.135174 0.482017
vt 0.710632 0.370593
vt 0.500000 0.370593
vt 0.500000 0.482017
vt 0.710632 0.482017
vt 0.864826 0.370593
vt 0.864826 0.482017
vt 0.500000 0.666031
vt 0.731685 0.666031
vt 0.268315 0.666031
vt 0.901291 0.666031
vt 0.098709 0.666031
vt 0.300061 0.846305
vt 0.500000 0.899878
vt 0.500000 0.963371
vt 0.268315 0.901291
vt 0.153695 0.699939
vt 0.098709 0.731685
vt 0.100122 0.500000
vt 0.036629 0.500000
vt 0.153695 0.300061
vt 0.098709 0.268315
vt 0.300061 0.153695
vt 0.268315 0.098709
vt 0.500000 0.100122
vt 0.500000 0.036629
vt 0.699939 0.153695
vt 0.731685 0.098709
vt 0.846305 0.300061
vt 0.901291 0.268315
vt 0.899878 0.500000
vt 0.963371 0.500000
vt 0.846305 0.699939
vt 0.901291 0.731685
vt 0.699939 0.846305
vt 0.731685 0.901291
vt 0.699939 0.666031
vt 0.846305 0.666031
vt 0.857085 0.336423
vt 0.706163 0.336423
vt 0.300061 0.666031
vt 0.293837 0.336423
vt 0.500000 0.336423
vt 0.857085 0.336423
vt 0.153695 0.666031
vt 0.142915 0.336423
vt 0.293837 0.336423
s 1
g Vent_1_Old_metal_plate
usemtl Old_metal_plate
f 1645/1777/325 1647/1778/325 1648/1779/325 1646/1780/325
s 2
f 1649/1781/325 1651/1782/325 1652/1783/325 1650/1784/325
s 3
f 1653/1777/326 1654/1780/326 1656/1779/326 1655/1778/326
s 4
f 1657/1781/326 1658/1784/326 1660/1783/326 1659/1782/326
s 5
g Vent_1_Metal_plates_old
usemtl Metal_plates_old
f 1665/1785/327 1666/1786/328 1678/1787/329 1677/1788/330
f 1672/1789/331 1661/1790/332 1673/1791/333 1684/1792/334
f 1662/1786/335 1663/1785/336 1675/1788/337 1674/1787/338
f 1669/1786/339 1670/1790/340 1682/1791/341 1681/1787/342
f 1666/1786/328 1667/1790/343 1679/1791/344 1678/1787/329
f 1663/1789/336 1664/1790/345 1676/1791/346 1675/1792/337
f 1670/1790/340 1671/1789/347 1683/1792/348 1682/1791/341
f 1667/1790/343 1668/1789/349 1680/1792/350 1679/1791/344
f 1664/1790/345 1665/1786/327 1677/1787/330 1676/1791/346
f 1671/1793/347 1672/1789/331 1684/1792/334 1683/1794/348
f 1661/1790/332 1662/1786/335 1674/1787/338 1673/1791/333
f 1668/1789/349 1669/1793/339 1681/1794/342 1680/1792/350
f 1675/1792/337 1676/1791/346 1700/1795/351 1699/1796/352
f 1682/1791/341 1683/1792/348 1707/1796/353 1706/1795/354
f 1679/1791/344 1680/1792/350 1704/1796/355 1703/1795/356
f 1676/1791/346 1677/1787/330 1701/1797/357 1700/1795/351
f 1683/1792/348 1684/1794/334 1708/1798/358 1707/1796/353
f 1673/1791/333 1674/1787/338 1697/1797/359 1698/1795/360
f 1680/1792/350 1681/1794/342 1705/1798/361 1704/1796/355
f 1677/1788/330 1678/1787/329 1702/1797/362 1701/1799/357
f 1684/1792/334 1673/1791/333 1698/1795/360 1708/1796/358
f 1674/1794/338 1675/1792/337 1699/1796/352 1697/1798/359
f 1681/1787/342 1682/1791/341 1706/1795/354 1705/1797/361
f 1678/1787/329 1679/1791/344 1703/1795/356 1702/1797/362
s 6
f 1686/1800/363 1685/1801/363 1698/1802/363 1697/1803/363
f 1687/1804/363 1686/1800/363 1697/1803/363 1699/1805/363
f 1688/1806/363 1687/1804/363 1699/1805/363 1700/1807/363
f 1689/1808/363 1688/1806/363 1700/1807/363 1701/1809/363
f 1690/1810/363 1689/1808/363 1701/1809/363 1702/1811/363
f 1691/1812/363 1690/1810/363 1702/1811/363 1703/1813/363
f 1692/1814/363 1691/1812/363 1703/1813/363 1704/1815/363
f 1693/1816/363 1692/1814/363 1704/1815/363 1705/1817/363
f 1694/1818/363 1693/1816/363 1705/1817/363 1706/1819/363
f 1695/1820/363 1694/1818/363 1706/1819/363 1707/1821/363
f 1696/1822/363 1695/1820/363 1707/1821/363 1708/1823/363
f 1685/1801/363 1696/1822/363 1708/1823/363 1698/1802/363
s 7
f 1695/1824/364 1696/1825/365 1672/1826/365 1671/1827/364
f 1685/1795/366 1686/1828/367 1662/1829/367 1661/1830/366
f 1692/1824/368 1693/1825/369 1669/1831/369 1668/1827/368
f 1689/1832/370 1690/1828/371 1666/1829/371 1665/1833/370
f 1696/1824/365 1685/1795/366 1661/1830/366 1672/1827/365
f 1686/1825/367 1687/1824/372 1663/1827/372 1662/1826/367
f 1693/1828/369 1694/1795/373 1670/1830/373 1669/1834/369
f 1690/1828/371 1691/1795/374 1667/1830/374 1666/1829/371
f 1687/1824/372 1688/1795/375 1664/1830/375 1663/1827/372
f 1694/1795/373 1695/1824/364 1671/1827/364 1670/1830/373
f 1691/1795/374 1692/1824/368 1668/1827/368 1667/1830/374
f 1688/1795/375 1689/1828/370 1665/1834/370 1664/1830/375
g Vent_2_Vert.008
v -65.094673 -0.949232 16.280521
v -65.095001 -0.949232 16.387011
v -65.094673 0.933852 16.280521
v -65.095001 0.933852 16.387011
v -65.094673 -0.769820 16.694416
v -65.095001 -0.769820 16.800905
v -65.094673 0.778639 16.694416
v -65.095001 0.742801 16.800905
v -65.094673 -0.949232 15.945278
v -65.095001 -0.949232 15.838789
v -65.094673 0.933852 15.945278
v -65.095001 0.933852 15.838789
v -65.094673 -0.769820 15.531384
v -65.095001 -0.769820 15.424895
v -65.094673 0.778639 15.531384
v -65.095001 0.742801 15.424895
v -65.695335 1.000000 16.112900
v -65.695335 0.866025 16.612900
v -65.695335 0.500000 16.978926
v -65.695335 0.000000 17.112900
v -65.695335 -0.500000 16.978926
v -65.695335 -0.866025 16.612900
v -65.695335 -1.000000 16.112900
v -65.695335 -0.866025 15.612900
v -65.695335 -0.500000 15.246875
v -65.695335 0.000000 15.112900
v -65.695335 0.500000 15.246875
v -65.695335 0.866025 15.612900
v -65.876602 1.186902 16.112900
v -65.876602 1.027888 16.706350
v -65.876602 0.593451 17.140787
v -65.876602 0.000000 17.299803
v -65.876602 -0.593451 17.140787
v -65.876602 -1.027888 16.706350
v -65.876602 -1.186902 16.112900
v -65.876602 -1.027888 15.519448
v -65.876602 -0.593451 15.085012
v -65.876602 0.000000 14.925998
v -65.876602 0.593451 15.085012
v -65.876602 1.027888 15.519448
v -65.430840 1.000000 16.112900
v -65.430840 0.866025 16.612900
v -65.430840 0.500000 16.978926
v -65.430840 0.000000 17.112900
v -65.430840 -0.500000 16.978926
v -65.430840 -0.866025 16.612900
v -65.430840 -1.000000 16.112900
v -65.430840 -0.866025 15.612900
v -65.430840 -0.500000 15.246875
v -65.430840 0.000000 15.112900
v -65.430840 0.500000 15.246875
v -65.430840 0.866025 15.612900
v -64.994026 0.949232 16.112900
v -64.994026 0.822059 16.587517
v -64.994026 0.474616 16.934959
v -64.994026 0.000000 17.062132
v -64.994026 -0.474616 16.934959
v -64.994026 -0.822059 16.587517
v -64.994026 -0.949232 16.112900
v -64.994026 -0.822059 15.638284
v -64.994026 -0.474616 15.290840
v -64.994026 0.000000 15.163668
v -64.994026 0.474616 15.290840
v -64.994026 0.822059 15.638284
v -64.994026 0.952586 16.662876
v -64.994026 1.099952 16.112900
v -64.994026 0.549976 17.065487
v -64.994026 0.000000 17.212852
v -64.994026 -0.549976 17.065487
v -64.994026 -0.952586 16.662876
v -64.994026 -1.099952 16.112900
v -64.994026 -0.952586 15.562923
v -64.994026 -0.549976 15.160314
v -64.994026 0.000000 15.012948
v -64.994026 0.549976 15.160314
v -64.994026 0.952586 15.562923
v -65.776451 0.978783 16.112900
v -65.776451 0.847651 16.602291
v -65.776451 0.489391 16.960550
v -65.776451 0.000000 17.091682
v -65.776451 -0.489391 16.960550
v -65.776451 -0.847651 16.602291
v -65.776451 -0.978783 16.112900
v -65.776451 -0.847651 15.623508
v -65.776451 -0.489391 15.265249
v -65.776451 0.000000 15.134117
v -65.776451 0.489391 15.265249
v -65.776451 0.847651 15.623508
vn 1.0000 -0.0000 0.0031
vn 1.0000 -0.0000 -0.0031
vn 0.7179 -0.6029 0.3481
vn 0.7179 -0.3481 0.6029
vn 0.7179 0.6962 -0.0000
vn 0.7179 0.6029 -0.3481
vn 0.7179 0.3481 0.6029
vn 0.7179 0.6029 0.3481
vn 0.7179 -0.0000 -0.6962
vn 0.7179 -0.3481 -0.6029
vn 0.7179 -0.6962 -0.0000
vn 0.7179 -0.0000 0.6962
vn 0.7179 0.3481 -0.6029
vn 0.7179 -0.6029 -0.3481
vn -0.0000 -0.5000 0.8660
vn -0.0000 -0.8660 0.5000
vn -0.1144 -0.8603 0.4967
vn -0.1144 -0.4967 0.8603
vn -0.0000 0.8660 -0.5000
vn -0.0000 0.9659 -0.2588
vn -0.1144 0.9934 -0.0000
vn -0.1144 0.8603 -0.4967
vn -0.0000 0.8660 0.5000
vn -0.0000 0.5000 0.8660
vn -0.1144 0.4967 0.8603
vn -0.1144 0.8603 0.4967
vn -0.0000 -0.5000 -0.8660
vn -0.0000 -0.2588 -0.9659
vn -0.1144 -0.0000 -0.9934
vn -0.1144 -0.4967 -0.8603
vn -0.0000 -0.9659 0.2588
vn -0.1144 -0.9934 -0.0000
vn -0.0000 0.2588 0.9659
vn -0.1144 -0.0000 0.9934
vn -0.0000 0.2588 -0.9659
vn -0.0000 0.5000 -0.8660
vn -0.1144 0.4967 -0.8603
vn -0.0000 -0.9659 -0.2588
vn -0.0000 -0.8660 -0.5000
vn -0.1144 -0.8603 -0.4967
vn -0.0000 -0.2588 0.9659
vn -0.0000 0.9659 0.2588
vn -0.2231 -0.0000 0.9748
vn -0.2231 0.4874 0.8442
vn -0.2231 0.4874 -0.8442
vn -0.2231 -0.0000 -0.9748
vn -0.2231 -0.8442 -0.4874
vn -0.2231 -0.9748 -0.0000
vn -0.2231 -0.4874 0.8442
vn -0.2231 0.8442 -0.4874
vn -0.2231 0.8442 0.4874
vn -0.2231 0.9748 -0.0000
vn -0.2231 -0.4874 -0.8442
vn -0.2231 -0.8442 0.4874
vn 1.0000 -0.0000 -0.0000
vn -0.0377 -0.4996 0.8654
vn -0.0377 -0.8654 0.4996
vn -0.0377 -0.9993 -0.0000
vn -0.0377 -0.8654 -0.4996
vn -0.0377 0.8654 0.4996
vn -0.0377 0.4996 0.8654
vn -0.0377 0.4996 -0.8654
vn -0.0377 0.8654 -0.4996
vn -0.0377 -0.4996 -0.8654
vn -0.0377 -0.0000 0.9993
vn -0.0377 0.9993 -0.0000
vn -0.0377 -0.0000 -0.9993
vt 0.638173 -0.000834
vt 0.638173 0.999166
vt 0.581623 0.999166
vt 0.581623 -0.000834
vt 0.418377 0.094442
vt 0.418377 0.916741
vt 0.361827 0.897710
vt 0.361827 0.094442
vt 0.289368 0.135174
vt 0.135174 0.289368
vt 0.066987 0.250000
vt 0.250000 0.066987
vt 0.500000 0.921265
vt 0.710632 0.864826
vt 0.750000 0.933013
vt 0.500000 1.000000
vt 0.135174 0.710632
vt 0.289368 0.864826
vt 0.250000 0.933013
vt 0.066987 0.750000
vt 0.921265 0.500000
vt 0.864826 0.289368
vt 0.933013 0.250000
vt 1.000000 0.500000
vt 0.500000 0.078735
vt 0.500000 0.000000
vt 0.078735 0.500000
vt 0.000000 0.500000
vt 0.864826 0.710632
vt 0.933013 0.750000
vt 0.710632 0.135174
vt 0.750000 0.066987
vt 0.135174 0.370593
vt 0.289368 0.370593
vt 0.289368 0.482017
vt 0.135174 0.482017
vt 0.710632 0.370593
vt 0.500000 0.370593
vt 0.500000 0.482017
vt 0.710632 0.482017
vt 0.864826 0.370593
vt 0.864826 0.482017
vt 0.500000 0.666031
vt 0.731685 0.666031
vt 0.268315 0.666031
vt 0.901291 0.666031
vt 0.098709 0.666031
vt 0.300061 0.846305
vt 0.500000 0.899878
vt 0.500000 0.963371
vt 0.268315 0.901291
vt 0.153695 0.699939
vt 0.098709 0.731685
vt 0.100122 0.500000
vt 0.036629 0.500000
vt 0.153695 0.300061
vt 0.098709 0.268315
vt 0.300061 0.153695
vt 0.268315 0.098709
vt 0.500000 0.100122
vt 0.500000 0.036629
vt 0.699939 0.153695
vt 0.731685 0.098709
vt 0.846305 0.300061
vt 0.901291 0.268315
vt 0.899878 0.500000
vt 0.963371 0.500000
vt 0.846305 0.699939
vt 0.901291 0.731685
vt 0.699939 0.846305
vt 0.731685 0.901291
vt 0.699939 0.666031
vt 0.846305 0.666031
vt 0.857085 0.336423
vt 0.706163 0.336423
vt 0.300061 0.666031
vt 0.293837 0.336423
vt 0.500000 0.336423
vt 0.857085 0.336423
vt 0.153695 0.666031
vt 0.142915 0.336423
vt 0.293837 0.336423
vt 0.000000 0.000000
s 1
g Vent_2_Old_metal_plate
usemtl Old_metal_plate
f 1709/1835/376 1711/1836/376 1712/1837/376 1710/1838/376
s 2
f 1713/1839/376 1715/1840/376 1716/1841/376 1714/1842/376
s 3
f 1717/1835/377 1718/1838/377 1720/1837/377 1719/1836/377
s 4
f 1721/1839/377 1722/1842/377 1724/1841/377 1723/1840/377
s 5
g Vent_2_Metal_plates_old
usemtl Metal_plates_old
f 1730/1843/378 1729/1844/379 1741/1845/379 1742/1846/378
f 1725/1847/380 1736/1848/381 1748/1849/381 1737/1850/380
f 1727/1851/382 1726/1852/383 1738/1853/383 1739/1854/382
f 1734/1855/384 1733/1856/385 1745/1857/385 1746/1858/384
f 1731/1859/386 1730/1843/378 1742/1846/378 1743/1860/386
f 1728/1861/387 1727/1851/382 1739/1854/382 1740/1862/387
f 1735/1863/388 1734/1855/384 1746/1858/384 1747/1864/388
f 1732/1865/389 1731/1859/386 1743/1860/386 1744/1866/389
f 1729/1844/379 1728/1861/387 1740/1862/387 1741/1845/379
f 1736/1848/381 1735/1863/388 1747/1864/388 1748/1849/381
f 1726/1852/383 1725/1847/380 1737/1850/380 1738/1853/383
f 1733/1856/385 1732/1865/389 1744/1866/389 1745/1857/385
s 6
f 1729/1867/390 1730/1868/391 1754/1869/392 1753/1870/393
f 1736/1871/394 1725/1872/395 1749/1873/396 1760/1874/397
f 1726/1868/398 1727/1867/399 1751/1870/400 1750/1869/401
f 1733/1868/402 1734/1872/403 1758/1873/404 1757/1869/405
f 1730/1868/391 1731/1872/406 1755/1873/407 1754/1869/392
f 1727/1871/399 1728/1872/408 1752/1873/409 1751/1874/400
f 1734/1872/410 1735/1871/411 1759/1874/412 1758/1873/404
f 1731/1872/413 1732/1871/414 1756/1874/415 1755/1873/407
f 1728/1872/416 1729/1868/390 1753/1869/393 1752/1873/409
f 1735/1875/411 1736/1871/394 1760/1874/397 1759/1876/412
f 1725/1872/417 1726/1868/398 1750/1869/401 1749/1873/396
f 1732/1871/414 1733/1875/402 1757/1876/405 1756/1874/415
f 1751/1874/400 1752/1873/409 1776/1877/418 1775/1878/419
f 1758/1873/404 1759/1874/412 1783/1878/420 1782/1877/421
f 1755/1873/407 1756/1874/415 1780/1878/422 1779/1877/423
f 1752/1873/409 1753/1869/393 1777/1879/424 1776/1877/418
f 1759/1874/412 1760/1876/397 1784/1880/425 1783/1878/420
f 1749/1873/396 1750/1869/401 1773/1879/426 1774/1877/427
f 1756/1874/415 1757/1876/405 1781/1880/428 1780/1878/422
f 1753/1870/393 1754/1869/392 1778/1879/429 1777/1881/424
f 1760/1874/397 1749/1873/396 1774/1877/427 1784/1878/425
f 1750/1876/401 1751/1874/400 1775/1878/419 1773/1880/426
f 1757/1869/405 1758/1873/404 1782/1877/421 1781/1879/428
f 1754/1869/392 1755/1873/407 1779/1877/423 1778/1879/429
s 7
f 1762/1882/430 1761/1883/430 1774/1884/430 1773/1885/430
f 1763/1886/430 1762/1882/430 1773/1885/430 1775/1887/430
f 1764/1888/430 1763/1886/430 1775/1887/430 1776/1889/430
f 1765/1890/430 1764/1888/430 1776/1889/430 1777/1891/430
f 1766/1892/430 1765/1890/430 1777/1891/430 1778/1893/430
f 1767/1894/430 1766/1892/430 1778/1893/430 1779/1895/430
f 1768/1896/430 1767/1894/430 1779/1895/430 1780/1897/430
f 1769/1898/430 1768/1896/430 1780/1897/430 1781/1899/430
f 1770/1900/430 1769/1898/430 1781/1899/430 1782/1901/430
f 1771/1902/430 1770/1900/430 1782/1901/430 1783/1903/430
f 1772/1904/430 1771/1902/430 1783/1903/430 1784/1905/430
f 1761/1883/430 1772/1904/430 1784/1905/430 1774/1884/430
s 8
f 1771/1906/431 1772/1907/432 1796/1908/432 1795/1909/431
f 1761/1877/433 1762/1910/434 1786/1911/434 1785/1912/433
f 1768/1906/435 1769/1907/436 1793/1913/436 1792/1909/435
f 1765/1914/437 1766/1910/438 1790/1911/438 1789/1915/437
f 1772/1906/432 1761/1877/433 1785/1912/433 1796/1909/432
f 1762/1907/434 1763/1906/439 1787/1909/439 1786/1908/434
f 1769/1910/436 1770/1877/440 1794/1912/440 1793/1916/436
f 1766/1910/438 1767/1877/441 1791/1912/441 1790/1911/438
f 1763/1906/439 1764/1877/442 1788/1912/442 1787/1909/439
f 1770/1877/440 1771/1906/431 1795/1909/431 1794/1912/440
f 1767/1877/441 1768/1906/435 1792/1909/435 1791/1912/441
f 1764/1877/442 1765/1910/437 1789/1916/437 1788/1912/442
s 9
g Vent_2_Dark
usemtl Dark
f 1786/1917/430 1787/1917/430 1788/1917/430 1789/1917/430 1790/1917/430 1791/1917/430 1792/1917/430 1793/1917/430 1794/1917/430 1795/1917/430 1796/1917/430 1785/1917/430
g Rat_Pipe_2_Vert.010
v -65.208145 -0.528691 12.118858
v -65.208145 -0.162584 12.433757
v -65.208145 -0.190510 12.298564
v -65.208145 -0.528691 12.748655
v -65.208145 -0.338541 12.164084
v -65.208145 -0.190510 12.568950
v -65.208145 -0.338541 12.703429
v -65.208145 -0.902095 12.118858
v -65.208145 -0.902095 12.748655
v -65.208145 -0.528691 12.031335
v -65.208145 -0.022704 12.433757
v -65.208145 -0.080065 12.232546
v -65.208145 -0.528691 12.836179
v -65.208145 -0.327365 12.031335
v -65.208145 -0.080065 12.634968
v -65.208145 -0.327365 12.836179
v -65.208145 -0.902095 12.031335
v -65.208145 -0.902095 12.836179
v -65.316177 -0.540583 12.062367
v -65.316177 -0.108799 12.433757
v -65.316177 -0.141735 12.274311
v -65.316177 -0.540583 12.805146
v -65.316177 -0.316321 12.115706
v -65.316177 -0.141735 12.593203
v -65.316177 -0.316321 12.751807
v -65.316177 -0.902095 12.062367
v -65.316177 -0.902095 12.805146
v -65.316177 -0.540583 11.959143
v -65.316177 0.056175 12.433757
v -65.316177 -0.011476 12.196450
v -65.316177 -0.540583 12.908371
v -65.316177 -0.303141 11.959143
v -65.316177 -0.011476 12.671063
v -65.316177 -0.303141 12.908371
v -65.316177 -0.902095 11.959143
v -65.316177 -0.902095 12.908371
vn 0.4061 -0.1183 0.9061
vn 0.5669 -0.8238 -0.0000
vn 0.5672 -0.7141 0.4103
vn 0.4061 -0.1183 -0.9061
vn 0.4913 -0.4132 0.7667
vn 0.5672 -0.7141 -0.4103
vn 0.4913 -0.4132 -0.7667
vn 0.3206 -0.4599 0.8281
vn 0.3206 -0.4599 -0.8281
vn 0.8578 -0.0000 -0.5140
vn 0.8670 0.4983 -0.0000
vn 0.8505 0.4384 -0.2904
vn 0.8578 -0.0000 0.5140
vn 0.8131 0.1990 -0.5470
vn 0.8505 0.4384 0.2904
vn 0.8131 0.1990 0.5470
vn 0.6850 -0.6019 -0.4105
vn 0.6850 -0.6019 0.4105
vn 0.3400 -0.0971 0.9354
vn 0.4926 -0.8702 -0.0000
vn 0.4352 -0.7656 0.4737
vn 0.3400 -0.0971 -0.9354
vn 0.3562 -0.4055 0.8418
vn 0.4352 -0.7656 -0.4737
vn 0.3562 -0.4055 -0.8418
vn 0.2335 -0.7627 0.6031
vn 0.2335 -0.7627 -0.6031
vn 0.5556 -0.0000 -0.8314
vn 0.5897 0.8076 -0.0000
vn 0.5794 0.6638 -0.4728
vn 0.5556 -0.0000 0.8314
vn 0.5760 0.2400 -0.7814
vn 0.5794 0.6638 0.4728
vn 0.5760 0.2400 0.7814
vn 0.5077 -0.4063 -0.7597
vn 0.5077 -0.4063 0.7597
vt 0.784096 0.566235
vt 0.923946 0.575003
vt 0.923946 0.417044
vt 0.831741 0.417044
vt 0.215903 0.566235
vt 0.076054 0.575003
vt 0.288027 0.769034
vt 0.357576 0.682379
vt 0.168259 0.124072
vt 0.076054 0.124072
vt 0.076054 0.417044
vt 0.168259 0.417044
vt 0.500000 0.704290
vt 0.500000 0.814039
vt 0.711973 0.769034
vt 0.642424 0.682379
vt 0.923946 0.124072
vt 0.831741 0.124072
vt 0.542382 0.566235
vt 0.542382 0.417044
vt 0.457618 0.407713
vt 0.457618 0.583668
vt 0.542382 0.575003
vt 0.457618 0.594010
vt 0.500000 0.542382
vt 0.642424 0.542382
vt 0.667974 0.457618
vt 0.500000 0.457618
vt 0.711973 0.542382
vt 0.500000 0.542382
vt 0.750000 0.457618
vt 0.784096 0.542382
vt 0.835062 0.457618
vt 0.750000 0.822848
vt 1.000000 0.594010
vt 0.542382 0.124072
vt 0.457618 0.124072
vt 0.076054 0.542382
vt 0.168259 0.542382
vt 0.108746 0.457618
vt 0.000000 0.457618
vt 0.542382 0.124072
vt 0.457618 0.124072
vt 0.457618 0.124072
vt 0.357576 0.542382
vt 0.332026 0.457618
vt 0.288027 0.542382
vt 0.250000 0.457618
vt 0.215903 0.542382
vt 0.164938 0.457618
vt 0.000000 0.594010
vt 0.250000 0.822848
vt 0.831741 0.542382
vt 0.923946 0.542382
vt 1.000000 0.457618
vt 0.891254 0.457618
vt 0.000000 0.000000
s 1
g Rat_Pipe_2_Old_Brick
usemtl Old_Brick
f 1803/1918/449 1812/1919/458 1809/1920/455 1800/1921/446
f 1801/1922/447 1810/1923/456 1808/1924/454 1799/1925/445
f 1804/1926/450 1813/1927/459 1806/1928/452 1797/1929/443
f 1798/1930/444 1807/1931/453 1811/1932/457 1802/1933/448
f 1797/1929/443 1806/1928/452 1810/1923/456 1801/1922/447
f 1799/1925/445 1808/1924/454 1807/1931/453 1798/1930/444
f 1800/1921/446 1809/1920/455 1814/1934/460 1805/1935/451
f 1802/1933/448 1811/1932/457 1812/1919/458 1803/1918/449
f 1803/1936/449 1800/1937/446 1818/1938/464 1821/1939/467
f 1809/1937/455 1812/1940/458 1830/1941/476 1827/1938/473
f 1798/1942/444 1802/1943/448 1820/1944/466 1816/1945/462
f 1811/1946/457 1807/1947/453 1825/1945/471 1829/1948/475
f 1802/1943/448 1803/1949/449 1821/1950/467 1820/1944/466
f 1812/1919/458 1811/1932/457 1829/1951/475 1830/1952/476
f 1804/1953/450 1797/1937/443 1815/1938/461 1822/1954/468
f 1813/1955/459 1804/1956/450 1822/1957/468 1831/1958/477
f 1806/1937/452 1813/1959/459 1831/1960/477 1824/1938/470
f 1800/1937/446 1805/1953/451 1823/1961/469 1818/1938/464
f 1799/1962/445 1798/1942/444 1816/1945/462 1817/1963/463
f 1814/1953/460 1809/1937/455 1827/1938/473 1832/1961/478
f 1807/1947/453 1808/1964/454 1826/1965/472 1825/1945/471
f 1801/1966/447 1799/1962/445 1817/1963/463 1819/1967/465
f 1808/1924/454 1810/1923/456 1828/1968/474 1826/1969/472
f 1805/1970/451 1814/1971/460 1832/1972/478 1823/1973/469
f 1797/1937/443 1801/1936/447 1819/1939/465 1815/1938/461
f 1810/1940/456 1806/1937/452 1824/1938/470 1828/1941/474
g Rat_Pipe_2_Dark
usemtl Dark
f 1817/1974/463 1816/1974/462 1820/1974/466 1821/1974/467 1818/1974/464 1823/1974/469 1822/1974/468 1815/1974/461 1819/1974/465
g Rat_Pipe_1_Vert.012
v -65.208183 -0.528691 13.291629
v -65.208260 -0.162584 13.606527
v -65.208229 -0.190510 13.471334
v -65.208336 -0.528691 13.921426
v -65.208199 -0.338541 13.336855
v -65.208290 -0.190510 13.741720
v -65.208321 -0.338541 13.876200
v -65.208183 -0.902095 13.291629
v -65.208336 -0.902095 13.921426
v -65.208168 -0.528691 13.204105
v -65.208260 -0.022704 13.606527
v -65.208214 -0.080065 13.405316
v -65.208351 -0.528691 14.008949
v -65.208168 -0.327365 13.204105
v -65.208305 -0.080065 13.807738
v -65.208351 -0.327365 14.008949
v -65.208168 -0.902095 13.204105
v -65.208351 -0.902095 14.008949
v -65.316208 -0.540583 13.235112
v -65.316292 -0.108799 13.606502
v -65.316254 -0.141734 13.447057
v -65.316383 -0.540583 13.977891
v -65.316216 -0.316321 13.288451
v -65.316330 -0.141734 13.765947
v -65.316368 -0.316321 13.924552
v -65.316208 -0.902095 13.235112
v -65.316383 -0.902095 13.977891
v -65.316185 -0.540583 13.131887
v -65.316292 0.056176 13.606502
v -65.316238 -0.011476 13.369195
v -65.316406 -0.540583 14.081116
v -65.316185 -0.303141 13.131887
v -65.316353 -0.011476 13.843809
v -65.316406 -0.303141 14.081116
v -65.316185 -0.902095 13.131887
v -65.316406 -0.902095 14.081116
v -65.952934 -0.540583 13.131738
v -65.953049 0.056176 13.606352
v -65.952988 -0.011476 13.369045
v -65.953156 -0.540583 14.080966
v -65.952934 -0.303141 13.131738
v -65.953102 -0.011476 13.843659
v -65.953156 -0.303141 14.080966
v -65.952934 -0.902095 13.131738
v -65.953156 -0.902095 14.080966
vn 0.4059 -0.1183 0.9062
vn 0.5669 -0.8238 0.0001
vn 0.5671 -0.7141 0.4105
vn 0.4063 -0.1183 -0.9060
vn 0.4911 -0.4132 0.7669
vn 0.5673 -0.7141 -0.4102
vn 0.4915 -0.4132 -0.7666
vn 0.3204 -0.4599 0.8282
vn 0.3207 -0.4599 -0.8280
vn 0.8579 -0.0000 -0.5138
vn 0.8670 0.4983 0.0002
vn 0.8506 0.4384 -0.2902
vn 0.8577 -0.0000 0.5142
vn 0.8133 0.1990 -0.5468
vn 0.8505 0.4384 0.2906
vn 0.8130 0.1990 0.5472
vn 0.6851 -0.6019 -0.4103
vn 0.6849 -0.6019 0.4106
vn 0.3398 -0.0971 0.9355
vn 0.4926 -0.8702 0.0001
vn 0.4351 -0.7656 0.4738
vn 0.3403 -0.0971 -0.9353
vn 0.3560 -0.4055 0.8419
vn 0.4354 -0.7656 -0.4736
vn 0.3564 -0.4055 -0.8418
vn 0.2333 -0.7627 0.6032
vn 0.2336 -0.7627 -0.6031
vn 0.2744 -0.0000 -0.9616
vn 0.2987 0.9544 0.0001
vn 0.2859 0.7851 -0.5494
vn 0.2740 -0.0000 0.9617
vn 0.2641 0.2938 -0.9186
vn 0.2857 0.7851 0.5495
vn 0.2637 0.2938 0.9188
vn 0.2681 -0.2144 -0.9393
vn 0.2676 -0.2144 0.9394
vn 0.0002 -0.0000 -1.0000
vn -0.0000 1.0000 -0.0000
vn 0.0001 0.8227 -0.5684
vn -0.0002 -0.0000 1.0000
vn 0.0002 0.3116 -0.9502
vn -0.0001 0.8227 0.5684
vn -0.0002 0.3116 0.9502
vt 0.784096 0.566235
vt 0.923946 0.575003
vt 0.923946 0.417044
vt 0.831741 0.417044
vt 0.215903 0.566235
vt 0.076054 0.575003
vt 0.288027 0.769034
vt 0.357576 0.682379
vt 0.168259 0.124072
vt 0.076054 0.124072
vt 0.076054 0.417044
vt 0.168259 0.417044
vt 0.500000 0.704290
vt 0.500000 0.814039
vt 0.711973 0.769034
vt 0.642424 0.682379
vt 0.923946 0.124072
vt 0.831741 0.124072
vt 0.542382 0.566235
vt 0.542382 0.417044
vt 0.457618 0.407713
vt 0.457618 0.583668
vt 0.542382 0.575003
vt 0.457618 0.594010
vt 0.500000 0.542382
vt 0.642424 0.542382
vt 0.667974 0.457618
vt 0.500000 0.457618
vt 0.711973 0.542382
vt 0.500000 0.542382
vt 0.750000 0.457618
vt 0.784096 0.542382
vt 0.835062 0.457618
vt 0.750000 0.822848
vt 1.000000 0.594010
vt 0.542382 0.124072
vt 0.457618 0.124072
vt 0.076054 0.542382
vt 0.168259 0.542382
vt 0.108746 0.457618
vt 0.000000 0.457618
vt 0.542382 0.124072
vt 0.457618 0.124072
vt 0.457618 0.124072
vt 0.357576 0.542382
vt 0.332026 0.457618
vt 0.288027 0.542382
vt 0.250000 0.457618
vt 0.215903 0.542382
vt 0.164938 0.457618
vt 0.000000 0.594010
vt 0.250000 0.822848
vt 0.831741 0.542382
vt 0.923946 0.542382
vt 1.000000 0.457618
vt 0.891254 0.457618
vt 0.000000 0.000000
vt 0.625204 0.625000
vt 0.625204 0.375000
vt 1.124796 0.375000
vt 1.124796 0.625000
vt 0.749796 0.407713
vt 0.749796 0.594010
vt 0.250204 0.594010
vt 0.250204 0.407713
vt 0.374796 0.375000
vt 0.374796 0.625000
vt -0.124796 0.625000
vt -0.124796 0.375000
vt 0.749796 0.124072
vt 0.250204 0.124072
vt 0.726710 0.228890
vt 0.748818 0.477911
vt 0.251182 0.522089
vt 0.229075 0.273069
vt 0.770925 0.726931
vt 0.273290 0.771110
vt 0.749796 0.124073
vt 0.250204 0.124073
s 1
g Rat_Pipe_1_Old_Brick
usemtl Old_Brick
f 1839/1975/485 1848/1976/494 1845/1977/491 1836/1978/482
f 1837/1979/483 1846/1980/492 1844/1981/490 1835/1982/481
f 1840/1983/486 1849/1984/495 1842/1985/488 1833/1986/479
f 1834/1987/480 1843/1988/489 1847/1989/493 1838/1990/484
f 1833/1986/479 1842/1985/488 1846/1980/492 1837/1979/483
f 1835/1982/481 1844/1981/490 1843/1988/489 1834/1987/480
f 1836/1978/482 1845/1977/491 1850/1991/496 1841/1992/487
f 1838/1990/484 1847/1989/493 1848/1976/494 1839/1975/485
f 1839/1993/485 1836/1994/482 1854/1995/500 1857/1996/503
f 1845/1994/491 1848/1997/494 1866/1998/512 1863/1995/509
f 1834/1999/480 1838/2000/484 1856/2001/502 1852/2002/498
f 1847/2003/493 1843/2004/489 1861/2002/507 1865/2005/511
f 1838/2000/484 1839/2006/485 1857/2007/503 1856/2001/502
f 1848/1976/494 1847/1989/493 1865/2008/511 1866/2009/512
f 1840/2010/486 1833/1994/479 1851/1995/497 1858/2011/504
f 1849/2012/495 1840/2013/486 1858/2014/504 1867/2015/513
f 1842/1994/488 1849/2016/495 1867/2017/513 1860/1995/506
f 1836/1994/482 1841/2010/487 1859/2018/505 1854/1995/500
f 1835/2019/481 1834/1999/480 1852/2002/498 1853/2020/499
f 1850/2010/496 1845/1994/491 1863/1995/509 1868/2018/514
f 1843/2004/489 1844/2021/490 1862/2022/508 1861/2002/507
f 1837/2023/483 1835/2019/481 1853/2020/499 1855/2024/501
f 1844/1981/490 1846/1980/492 1864/2025/510 1862/2026/508
f 1841/2027/487 1850/2028/496 1868/2029/514 1859/2030/505
f 1833/1994/479 1837/1993/483 1855/1996/501 1851/1995/497
f 1846/1997/492 1842/1994/488 1860/1995/506 1864/1998/510
f 1866/2032/512 1865/2033/511 1874/2034/520 1875/2035/521
f 1863/2036/509 1866/2037/512 1875/2038/521 1872/2039/518
f 1862/2040/508 1864/2041/510 1873/2042/519 1871/2043/517
f 1860/2036/506 1867/2044/513 1876/2045/515 1869/2039/515
f 1865/2046/511 1861/2047/507 1870/2048/516 1874/2049/520
f 1864/2037/510 1860/2036/506 1869/2039/515 1873/2038/519
f 1861/2047/507 1862/2050/508 1871/2051/517 1870/2048/516
f 1868/2052/514 1863/2036/509 1872/2039/518 1877/2053/518
g Rat_Pipe_1_Dark
usemtl Dark
f 1853/2031/499 1852/2031/498 1856/2031/502 1857/2031/503 1854/2031/500 1859/2031/505 1858/2031/504 1851/2031/497 1855/2031/501
g Lamp_Vert.001
v -65.107536 1.289895 12.584136
v -65.107536 1.289895 12.311038
v -65.107536 1.544249 12.481335
v -65.107536 1.498733 12.538619
v -65.107536 1.407701 12.584136
v -65.107536 1.544249 12.413839
v -65.107536 1.498733 12.356555
v -65.107536 1.407701 12.311038
v -65.051544 1.417121 12.481904
v -65.051483 1.417121 12.413839
v -65.051544 1.289895 12.481904
v -65.051544 1.289895 12.413839
v -65.164368 1.289895 12.624331
v -65.164368 1.289895 12.270843
v -65.164368 1.407701 12.270843
v -65.164368 1.407701 12.624331
v -65.164368 1.527988 12.574182
v -65.164368 1.527988 12.320992
v -65.164368 1.576590 12.481335
v -65.164368 1.576590 12.413839
v -65.181816 1.576590 12.231943
v -65.181816 1.576590 12.663231
v -65.179153 1.289895 12.672811
v -65.179169 1.289895 12.222363
v -65.208145 1.599625 12.239444
v -65.208145 1.599625 12.655730
v -65.208145 1.289895 12.209160
v -65.208145 1.576590 12.222411
v -65.208145 1.576590 12.672763
v -65.208145 1.289895 12.686014
v -65.141426 1.285065 12.613770
v -65.141426 1.285065 12.281404
v -65.141426 1.407029 12.281404
v -65.141426 1.407029 12.613770
v -65.141426 1.519335 12.563786
v -65.141426 1.519335 12.331388
v -65.141426 1.568363 12.412648
v -65.141426 1.568363 12.482526
v -65.107536 1.035541 12.481335
v -65.107536 1.081057 12.538619
v -65.107536 1.172090 12.584136
v -65.107536 1.035541 12.413839
v -65.107536 1.081057 12.356555
v -65.107536 1.172090 12.311038
v -65.051544 1.162670 12.481904
v -65.051483 1.162670 12.413839
v -65.164368 1.172090 12.270843
v -65.164368 1.172090 12.624331
v -65.164368 1.051802 12.574182
v -65.164368 1.051802 12.320992
v -65.164368 1.003200 12.481335
v -65.164368 1.003200 12.413839
v -65.181816 1.003200 12.231943
v -65.181816 1.003200 12.663231
v -65.208145 0.980165 12.239444
v -65.208145 0.980165 12.655730
v -65.208145 1.003200 12.222411
v -65.208145 1.003200 12.672763
v -65.141426 1.294725 12.613770
v -65.141426 1.294725 12.281404
v -65.141426 1.172761 12.281404
v -65.141426 1.172761 12.613770
v -65.141426 1.060455 12.563786
v -65.141426 1.060455 12.331388
v -65.141426 1.011427 12.412648
v -65.141426 1.011427 12.482526
vn 0.7760 -0.0000 0.6307
vn 0.9687 -0.0000 0.2481
vn 0.9562 0.1831 0.2282
vn 0.7651 0.1444 0.6276
vn 0.9691 -0.0000 -0.2467
vn 0.9566 0.1829 -0.2267
vn 0.7766 -0.0000 -0.6299
vn 0.7657 0.1443 -0.6269
vn 0.7539 0.4286 -0.4979
vn 0.7591 0.6194 -0.2002
vn 0.7590 0.6195 0.2003
vn 0.7535 0.4290 0.4982
vn 0.4874 0.8412 0.2342
vn 0.4874 0.8412 -0.2342
vn 0.3704 0.9042 -0.2127
vn 0.3704 0.9042 0.2127
vn 0.3864 0.8045 0.4511
vn 0.5325 0.5626 0.6324
vn 0.5494 0.1694 0.8182
vn 0.5473 -0.0000 0.8369
vn 0.5473 -0.0000 -0.8369
vn 0.5494 0.1694 -0.8182
vn 0.5325 0.5626 -0.6324
vn 0.4395 0.1732 -0.8814
vn 0.4471 0.3537 -0.8216
vn 0.3864 0.8045 -0.4511
vn 0.9840 0.1299 0.1219
vn 0.9817 0.0925 0.1666
vn 0.9556 0.0231 0.2937
vn 0.9466 -0.0000 0.3225
vn 0.9793 0.1795 0.0940
vn 0.9793 0.1795 -0.0940
vn 0.9840 0.1299 -0.1219
vn 0.9817 0.0925 -0.1666
vn 0.9556 0.0231 -0.2938
vn 0.9465 -0.0000 -0.3226
vn 0.5327 0.8463 -0.0000
vn 0.2795 0.5708 -0.7720
vn 0.3802 -0.0000 -0.9249
vn 0.3799 0.0386 -0.9242
vn 0.2795 0.5708 0.7720
vn 0.3802 -0.0000 0.9249
vn 0.3799 0.0386 0.9242
vn 0.4182 -0.0000 -0.9084
vn 0.4182 -0.0000 0.9084
vn 0.4395 0.1732 0.8814
vn 0.4471 0.3537 0.8216
vn 1.0000 -0.0000 -0.0000
vn 0.7651 -0.1444 0.6276
vn 0.9562 -0.1831 0.2282
vn 0.9566 -0.1829 -0.2267
vn 0.7657 -0.1443 -0.6269
vn 0.7539 -0.4286 -0.4979
vn 0.7591 -0.6194 -0.2002
vn 0.7590 -0.6195 0.2003
vn 0.7535 -0.4290 0.4982
vn 0.4874 -0.8412 0.2342
vn 0.3704 -0.9042 0.2127
vn 0.3704 -0.9042 -0.2127
vn 0.4874 -0.8412 -0.2342
vn 0.5325 -0.5626 0.6324
vn 0.3864 -0.8045 0.4511
vn 0.5494 -0.1694 0.8182
vn 0.5494 -0.1694 -0.8182
vn 0.5325 -0.5626 -0.6324
vn 0.4471 -0.3537 -0.8216
vn 0.4395 -0.1732 -0.8814
vn 0.3864 -0.8045 -0.4511
vn 0.9840 -0.1299 0.1219
vn 0.9556 -0.0231 0.2937
vn 0.9817 -0.0925 0.1666
vn 0.9793 -0.1795 0.0940
vn 0.9793 -0.1795 -0.0940
vn 0.9817 -0.0925 -0.1666
vn 0.9840 -0.1299 -0.1219
vn 0.9556 -0.0231 -0.2938
vn 0.5327 -0.8463 -0.0000
vn 0.2795 -0.5708 -0.7720
vn 0.3799 -0.0386 -0.9242
vn 0.2795 -0.5708 0.7720
vn 0.3799 -0.0386 0.9242
vn 0.4395 -0.1732 0.8814
vn 0.4471 -0.3537 0.8216
vt 1.488652 1.348899
vt 0.709329 1.329582
vt 0.709329 0.475586
vt 1.488652 0.558135
vt 0.696998 1.347728
vt 0.292255 1.379092
vt 0.304768 0.528289
vt 0.709329 0.496866
vt -0.501764 1.368320
vt -0.490346 0.580458
vt -0.210864 -0.049324
vt 0.134188 -0.380126
vt 0.535543 -0.411227
vt 1.246832 -0.080652
vt 0.942486 -0.421085
vt 0.096061 0.362005
vt 0.096061 0.637995
vt 0.000000 0.633290
vt 0.000000 0.366710
vt 0.076627 0.000000
vt 0.173359 0.041059
vt 1.789024 0.554690
vt 1.523468 -0.229615
vt 1.789024 1.373370
vt -0.789024 1.379092
vt -0.777203 0.563417
vt 0.460968 0.024876
vt 0.416737 0.499164
vt 0.317163 0.505297
vt 0.358783 -0.000000
vt 0.173359 0.958941
vt 0.076627 1.000000
vt 0.148569 0.793527
vt 0.242843 1.000000
vt -0.000000 0.909808
vt 0.395124 0.699494
vt 0.322956 0.668911
vt 0.327464 0.409938
vt 0.403927 0.061926
vt 0.208598 0.578248
vt 0.208598 0.421752
vt 0.148569 0.206473
vt 0.242843 0.000000
vt -0.000000 0.090192
vt 0.542511 0.697779
vt 0.533731 0.061925
vt 0.610213 0.409925
vt 0.614734 0.668894
vt 0.322956 0.017391
vt 0.322956 0.982609
vt 0.482049 0.000000
vt 0.468829 0.062576
vt 0.468829 0.700395
vt 0.455607 -0.000000
vt 0.468829 0.062574
vt 0.468829 0.702104
vt -0.469094 -0.210696
vt 0.018866 -0.576030
vt 0.359886 0.960996
vt 0.460968 0.970950
vt 0.274441 0.960996
vt 0.173359 0.970950
vt 0.217590 0.499164
vt 0.317164 0.505297
vt 0.173359 0.024876
vt 0.275544 -0.000000
vt 1.091745 -0.608229
vt 0.434389 -0.608229
vt 0.248906 1.566559
vt -0.441912 1.204943
vt -0.815049 0.309958
vt -0.815049 -0.566559
vt 1.815049 -0.566559
vt 1.815049 0.309958
vt 1.441912 1.204943
vt 0.751094 1.566559
s 2
g Lamp_Metal_plates_old
usemtl Metal_plates_old
f 1894/2086/548 1899/2087/549 1893/2088/550
f 1900/2089/551 1890/2090/551 1893/2091/550 1899/2092/549
f 1896/2093/552 1899/2087/549 1894/2086/548
s 3
f 1897/2094/553 1895/2095/554 1898/2096/555
f 1895/2095/554 1892/2097/556 1898/2096/555
f 1901/2098/557 1898/2099/555 1892/2100/556 1891/2101/557
s 4
f 1899/2087/558 1896/2093/558 1897/2094/558 1898/2096/558 1902/2102/558 1903/2103/558
s 5
f 1902/2104/559 1898/2099/559 1905/2105/559
s 6
f 1904/2106/560 1905/2105/561 1898/2099/561 1901/2098/560
s 7
f 1903/2107/562 1906/2108/562 1899/2092/562
s 8
f 1900/2089/563 1899/2092/564 1906/2108/564 1907/2109/563
s 2
f 1926/2086/590 1925/2088/591 1931/2087/592
f 1900/2089/551 1931/2092/592 1925/2091/591 1890/2090/551
f 1928/2093/593 1926/2086/590 1931/2087/592
s 3
f 1929/2094/594 1930/2096/595 1927/2095/596
f 1927/2095/596 1930/2096/595 1924/2097/597
f 1901/2098/557 1891/2101/557 1924/2100/597 1930/2099/595
s 10
f 1931/2087/598 1933/2103/598 1932/2102/598 1930/2096/598 1929/2094/598 1928/2093/598
s 11
f 1932/2104/599 1934/2105/599 1930/2099/599
s 6
f 1904/2106/560 1901/2098/560 1930/2099/600 1934/2105/600
s 12
f 1933/2107/601 1931/2092/601 1935/2108/601
s 8
f 1900/2089/563 1907/2109/563 1935/2108/602 1931/2092/602
s 1
g Lamp_Old_metal_plate
usemtl Old_metal_plate
f 1915/2069/534 1914/2070/535 1897/2071/536 1896/2072/537
f 1915/2069/534 1896/2072/537 1894/2073/538 1912/2074/539
f 1913/2080/544 1910/2081/543 1892/2082/545 1895/2083/546
f 1914/2070/535 1913/2084/544 1895/2085/547 1897/2071/536
f 1891/2112/565 1892/2082/545 1910/2081/543 1909/2113/542
f 1890/2114/566 1908/2115/541 1911/2116/540 1893/2117/567
f 1893/2117/567 1911/2116/540 1912/2118/539 1894/2119/568
s 9
f 1896/2122/569 1894/2123/569 1893/2124/569 1890/2125/569 1891/2126/569 1892/2127/569 1895/2128/569 1897/2129/569
s 1
f 1943/2069/578 1928/2072/579 1929/2071/580 1942/2070/581
f 1943/2069/578 1940/2074/582 1926/2073/583 1928/2072/579
f 1941/2080/586 1927/2083/587 1924/2082/588 1938/2081/585
f 1942/2070/581 1929/2071/580 1927/2085/589 1941/2084/586
f 1891/2112/565 1937/2113/542 1938/2081/585 1924/2082/588
f 1890/2114/566 1925/2117/603 1939/2116/584 1936/2115/541
f 1925/2117/603 1926/2119/604 1940/2118/582 1939/2116/584
s 13
f 1928/2122/569 1929/2129/569 1927/2128/569 1924/2127/569 1891/2126/569 1890/2125/569 1925/2124/569 1926/2123/569
s 1
g Lamp_Dirty_glass
usemtl Dirty_glass
f 1878/2054/522 1888/2055/523 1886/2056/524 1882/2057/525
f 1888/2058/523 1889/2059/526 1887/2060/527 1886/2061/524
f 1879/2062/528 1885/2063/529 1887/2060/527 1889/2059/526
f 1885/2063/529 1884/2064/530 1887/2060/527
f 1884/2064/530 1883/2065/531 1887/2060/527
f 1883/2065/531 1880/2066/532 1886/2061/524 1887/2060/527
f 1881/2067/533 1886/2056/524 1880/2068/532
f 1882/2057/525 1886/2056/524 1881/2067/533
f 1911/2075/540 1882/2057/525 1881/2067/533 1912/2076/539
f 1908/2077/541 1878/2054/522 1882/2057/525 1911/2075/540
f 1909/2078/542 1910/2079/543 1885/2063/529 1879/2062/528
f 1883/2065/531 1884/2064/530 1913/2110/544 1914/2111/535
f 1884/2064/530 1885/2063/529 1910/2079/543 1913/2110/544
f 1880/2068/532 1915/2120/534 1912/2076/539 1881/2067/533
f 1880/2066/532 1883/2065/531 1914/2111/535 1915/2121/534
f 1878/2054/522 1918/2057/570 1922/2056/571 1888/2055/523
f 1888/2058/523 1922/2061/571 1923/2060/572 1889/2059/526
f 1879/2062/528 1889/2059/526 1923/2060/572 1921/2063/573
f 1921/2063/573 1923/2060/572 1920/2064/574
f 1920/2064/574 1923/2060/572 1919/2065/575
f 1919/2065/575 1923/2060/572 1922/2061/571 1916/2066/576
f 1917/2067/577 1916/2068/576 1922/2056/571
f 1918/2057/570 1917/2067/577 1922/2056/571
f 1939/2075/584 1940/2076/582 1917/2067/577 1918/2057/570
f 1936/2077/541 1939/2075/584 1918/2057/570 1878/2054/522
f 1937/2078/542 1879/2062/528 1921/2063/573 1938/2079/585
f 1919/2065/575 1942/2111/581 1941/2110/586 1920/2064/574
f 1920/2064/574 1941/2110/586 1938/2079/585 1921/2063/573
f 1916/2068/576 1917/2067/577 1940/2076/582 1943/2120/578
f 1916/2066/576 1943/2121/578 1942/2111/581 1919/2065/575
g Pipe_5_Vert
v -78.084084 -0.200000 5.362899
v -78.084084 0.400000 5.762899
v -78.084084 0.400000 7.111589
v -78.084084 1.200000 7.708094
v -78.084084 3.449999 7.687116
v -78.084084 4.350000 7.111589
v -78.084084 5.000000 5.962899
v -78.084084 5.000000 3.462899
v -78.084084 -0.200000 7.708094
v -78.084084 0.400000 8.296303
v -78.084084 3.449999 8.296303
v -78.084084 -6.592721 7.708094
v -78.084084 -0.200000 1.562900
v -78.084084 0.400000 1.162899
v -78.084084 0.400000 -0.185791
v -78.084084 1.200000 -0.782296
v -78.084084 3.449999 -0.761318
v -78.084084 4.350000 -0.185791
v -78.084084 5.000000 0.962900
v -78.084084 -0.200000 -0.782296
v -78.084084 0.400000 -1.370505
v -78.084084 3.449999 -1.370505
v -78.084084 -6.592721 -0.782296
v -55.317768 -0.200000 5.362899
v -55.317772 0.400000 5.762899
v -55.317772 0.400000 7.111589
v -55.317772 1.200000 7.708094
v -55.317772 3.449999 7.687116
v -55.317772 4.350000 7.111589
v -55.317772 5.000000 5.962899
v -55.317772 5.000000 3.462899
v -55.317772 -0.200000 7.708094
v -55.317772 0.400000 8.296303
v -55.317772 3.449999 8.296303
v -55.317772 -6.592721 7.708094
v -55.317768 -0.200000 1.562900
v -55.317772 0.400000 1.162899
v -55.317772 0.400000 -0.185791
v -55.317772 1.200000 -0.782296
v -55.317772 3.449999 -0.761318
v -55.317772 4.350000 -0.185791
v -55.317772 5.000000 0.962900
v -55.317772 -0.200000 -0.782296
v -55.317772 0.400000 -1.370505
v -55.317772 3.449999 -1.370505
v -55.317772 -6.592721 -0.782296
vn 1.0000 -0.0000 -0.0000
vn -0.0000 0.7001 0.7141
vn -0.0000 -0.0000 -1.0000
vn -0.0000 0.7001 -0.7141
vn -0.0000 -0.8352 -0.5499
vn -0.0000 -0.7963 -0.6049
vn -0.0000 -0.9670 -0.2546
vn -0.0000 -1.0000 -0.0000
vn -0.0000 -0.9670 0.2546
vn -0.0000 -0.0000 1.0000
vn -0.0000 -0.8352 0.5499
vn -0.0000 -0.7963 0.6049
vn -1.0000 -0.0000 -0.0000
vn -0.0000 1.0000 -0.0000
vt -0.060768 0.315211
vt -0.418286 0.315211
vt -0.576410 0.527279
vt -0.576410 0.156160
vt 0.045266 0.156160
vt -0.570849 1.123720
vt -0.732336 1.123720
vt -0.732336 0.315211
vt 3.517505 0.315211
vt -2.517505 0.315211
vt -2.517505 0.156160
vt 3.517505 0.156160
vt -0.418286 1.362297
vt 14.553076 -3.182996
vt -13.553076 -3.182996
vt -13.553076 4.709138
vt 14.553076 4.709138
vt 3.517505 1.123720
vt -2.517505 1.123720
vt 3.517505 -0.124496
vt 3.517505 -0.438546
vt -2.517505 -0.438546
vt -2.517505 -0.124496
vt 3.517505 0.180004
vt -2.517505 0.180004
vt 1.158623 0.315211
vt 1.052589 0.156160
vt 1.674266 0.156160
vt 1.674266 0.527279
vt 1.516141 0.315211
vt 1.668705 1.123720
vt 1.830191 0.315211
vt 1.830191 1.123720
vt 3.517505 0.842717
vt -2.517505 0.842717
vt -2.517505 1.505430
vt 3.517505 1.505430
vt 1.516141 1.362297
vt -4.740905 -3.182996
vt 5.740905 -3.182996
vt 5.740905 4.709138
vt 2.845645 4.709138
vt -1.845644 4.709138
vt -4.740905 4.709138
vt -2.517505 1.809930
vt 3.517505 1.809930
vt -2.517505 2.123981
vt 3.517505 2.123981
vt 14.553076 -4.740905
vt 14.553076 5.740905
vt -13.553076 5.740905
vt -13.553076 -4.740905
s 1
g Pipe_5_Old_Brick
usemtl Old_Brick
f 1945/2130/605 1946/2131/605 1947/2132/605 1952/2133/605 1944/2134/605
f 1948/2135/605 1954/2136/605 1953/2137/605 1952/2133/605 1947/2132/605
s 2
f 1987/2138/606 1964/2139/606 1963/2140/606 1986/2141/606
s 1
f 1949/2142/605 1954/2136/605 1948/2135/605
s 4
f 1976/2138/608 1975/2141/608 1952/2140/608 1953/2139/608
s 5
f 1977/2147/607 1976/2138/607 1953/2139/607 1954/2148/607
s 6
f 1972/2149/609 1977/2150/610 1954/2151/610 1949/2152/609
f 1973/2153/611 1972/2149/609 1949/2152/609 1950/2154/611
s 1
f 1957/2155/605 1956/2156/605 1963/2157/605 1959/2158/605 1958/2159/605
f 1960/2160/605 1959/2158/605 1963/2157/605 1964/2161/605 1965/2162/605
s 6
f 1974/2163/612 1951/2164/612 1962/2165/613 1985/2166/613
s 1
f 1961/2167/605 1960/2160/605 1965/2162/605
s 7
f 1988/2147/614 1965/2148/614 1964/2139/614 1987/2138/614
s 6
f 1985/2166/613 1962/2165/613 1961/2174/615 1984/2175/615
f 1974/2163/612 1973/2153/611 1950/2154/611 1951/2164/612
f 1984/2175/615 1961/2174/615 1965/2176/616 1988/2177/616
s 8
f 1968/2130/617 1967/2134/617 1975/2133/617 1970/2132/617 1969/2131/617
f 1971/2135/617 1970/2132/617 1975/2133/617 1976/2137/617 1977/2136/617
f 1972/2142/617 1971/2135/617 1977/2136/617
f 1980/2155/617 1981/2159/617 1982/2158/617 1986/2157/617 1979/2156/617
f 1983/2160/617 1988/2162/617 1987/2161/617 1986/2157/617 1982/2158/617
f 1984/2167/617 1988/2162/617 1983/2160/617
s 3
g Pipe_5_White_Old_Concrete
usemtl White_Old_Concrete
f 1978/2143/607 1955/2144/607 1952/2145/607 1975/2146/607
s 1
f 1955/2168/605 1966/2169/605 1963/2170/605 1956/2171/605 1944/2172/605 1952/2173/605
s 9
f 1978/2178/618 1989/2179/618 1966/2180/618 1955/2181/618
s 8
f 1967/2172/617 1979/2171/617 1986/2170/617 1989/2169/617 1978/2168/617 1975/2173/617
s 10
f 1989/2143/614 1986/2146/614 1963/2145/614 1966/2144/614
